{"stats":{"minecraft:picked_up":{"minecraft:oak_slab":4,"minecraft:stick":4,"minecraft:mud":8,"minecraft:crafting_table":2,"minecraft:oak_door":2,"minecraft:red_mushroom":5,"minecraft:oak_log":35,"minecraft:dirt":40,"minecraft:moss_carpet":8,"minecraft:apple":1,"minecraft:stone_axe":1,"minecraft:wheat_seeds":2,"minecraft:mangrove_roots":4,"minecraft:oak_sapling":3,"minecraft:oak_planks":47,"minecraft:cobblestone":15},"minecraft:killed":{"naturalist:alligator":1,"minecraft:zombie":1,"mobs_of_mythology:kobold":1,"minecraft:player":1},"minecraft:dropped":{"minecraft:mangrove_roots":1},"minecraft:mined":{"minecraft:oak_slab":4,"minecraft:mud":8,"minecraft:oak_door":3,"minecraft:mangrove_roots":2,"minecraft:moss_carpet":1,"minecraft:crafting_table":2,"minecraft:grass":21,"minecraft:grass_block":26,"minecraft:oak_log":35,"minecraft:flowering_azalea_leaves":1,"minecraft:vine":2,"minecraft:dirt":25,"minecraft:mushroom_stem":11,"minecraft:brown_mushroom_block":2,"minecraft:azalea_leaves":1,"minecraft:red_mushroom_block":17,"minecraft:stone":15,"minecraft:oak_planks":49,"minecraft:red_mushroom":1,"minecraft:oak_leaves":4},"minecraft:crafted":{"minecraft:oak_door":6,"minecraft:oak_slab":36,"minecraft:oak_planks":136,"minecraft:wooden_shovel":1,"minecraft:crafting_table":1,"minecraft:stick":8,"minecraft:wooden_pickaxe":1,"minecraft:stone_pickaxe":1,"minecraft:stone_sword":1,"minecraft:stone_axe":2},"minecraft:custom":{"minecraft:time_since_rest":1445,"minecraft:sprint_one_cm":37176,"minecraft:damage_taken":1322,"minecraft:walk_one_cm":90407,"minecraft:mob_kills":3,"minecraft:drop":1,"minecraft:damage_dealt":875,"minecraft:player_kills":1,"minecraft:interact_with_crafting_table":10,"minecraft:fly_one_cm":26381,"minecraft:crouch_one_cm":1555,"minecraft:play_time":23904,"minecraft:deaths":4,"minecraft:sneak_time":861,"minecraft:jump":251,"minecraft:time_since_death":1415,"minecraft:climb_one_cm":784,"minecraft:total_world_time":23904,"minecraft:fall_one_cm":7581},"minecraft:used":{"minecraft:oak_log":1,"minecraft:mud":8,"minecraft:moss_carpet":5,"minecraft:apple":1,"minecraft:stone_sword":23,"minecraft:stone_pickaxe":3,"minecraft:oak_planks":141,"minecraft:wooden_pickaxe":20,"minecraft:wooden_shovel":15,"minecraft:oak_door":8,"minecraft:stone_axe":129,"minecraft:dirt":21,"minecraft:cobblestone":4,"minecraft:mangrove_roots":1,"minecraft:oak_slab":35,"minecraft:crafting_table":3,"minecraft:red_mushroom":1},"minecraft:killed_by":{"minecraft:player":1,"minecraft:zombie":1,"mobs_of_mythology:kobold_warrior":2}},"DataVersion":3465}