{"stats":{"minecraft:picked_up":{"minecraft:mud":8,"minecraft:crafting_table":4,"minecraft:red_mushroom":5,"minecraft:oak_log":35,"minecraft:shield":1,"minecraft:dirt":41,"minecraft:moss_carpet":8,"minecraft:apple":1,"minecraft:wheat_seeds":2,"minecraft:oak_planks":50,"minecraft:oak_slab":4,"minecraft:stick":4,"minecraft:oak_door":7,"minecraft:rotten_flesh":1,"minecraft:stone_axe":1,"minecraft:mangrove_roots":4,"minecraft:oak_sapling":3,"minecraft:cobblestone":45},"minecraft:killed":{"mobs_of_mythology:kobold":1,"naturalist:alligator":1,"minecraft:zombie":1,"minecraft:player":1},"minecraft:dropped":{"minecraft:oak_door":1,"minecraft:oak_slab":2,"minecraft:mangrove_roots":3,"minecraft:crafting_table":1,"minecraft:rotten_flesh":1,"minecraft:wooden_pickaxe":1},"minecraft:mined":{"minecraft:oak_slab":4,"minecraft:oak_door":7,"minecraft:mangrove_roots":2,"minecraft:crafting_table":2,"minecraft:grass_block":26,"minecraft:mushroom_stem":11,"minecraft:brown_mushroom_block":2,"minecraft:cobblestone":2,"minecraft:oak_planks":52,"minecraft:red_mushroom":1,"minecraft:mud":8,"minecraft:moss_carpet":1,"minecraft:grass":21,"minecraft:oak_log":35,"minecraft:vine":2,"minecraft:flowering_azalea_leaves":1,"minecraft:dirt":26,"minecraft:azalea_leaves":1,"minecraft:red_mushroom_block":17,"minecraft:stone":43,"minecraft:oak_leaves":4},"minecraft:crafted":{"minecraft:oak_door":6,"minecraft:oak_slab":36,"minecraft:oak_planks":136,"minecraft:wooden_shovel":1,"minecraft:crafting_table":1,"minecraft:wooden_pickaxe":1,"minecraft:stone_axe":2,"minecraft:stick":8,"minecraft:stone_pickaxe":1,"minecraft:stone_sword":1},"minecraft:custom":{"minecraft:interact_with_furnace":1,"minecraft:mob_kills":3,"minecraft:interact_with_crafting_table":10,"minecraft:leave_game":1,"minecraft:time_since_death":12391,"minecraft:climb_one_cm":1244,"minecraft:time_since_rest":12421,"minecraft:sprint_one_cm":46136,"minecraft:damage_taken":1382,"minecraft:walk_one_cm":101262,"minecraft:drop":8,"minecraft:damage_dealt":875,"minecraft:fly_one_cm":30119,"minecraft:player_kills":1,"minecraft:crouch_one_cm":1924,"minecraft:play_time":34880,"minecraft:deaths":4,"minecraft:sneak_time":1005,"minecraft:jump":284,"minecraft:total_world_time":34880,"minecraft:fall_one_cm":7792},"minecraft:used":{"minecraft:moss_carpet":5,"minecraft:stone_sword":23,"minecraft:stone_pickaxe":33,"minecraft:oak_planks":143,"minecraft:wooden_pickaxe":20,"minecraft:wooden_shovel":15,"minecraft:oak_door":12,"minecraft:dirt":25,"minecraft:oak_slab":38,"minecraft:crafting_table":4,"minecraft:red_mushroom":1,"minecraft:oak_log":1,"minecraft:mud":8,"minecraft:apple":1,"minecraft:stone_axe":136,"minecraft:cobblestone":8,"minecraft:mangrove_roots":1},"minecraft:killed_by":{"minecraft:player":1,"minecraft:zombie":1,"mobs_of_mythology:kobold_warrior":2}},"DataVersion":3465}