{"stats":{"minecraft:picked_up":{"wilderwild:cattail":1,"minecraft:decorated_pot":1},"minecraft:mined":{"wilderwild:cattail":1,"minecraft:decorated_pot":1},"minecraft:custom":{"minecraft:jump":33,"minecraft:time_since_rest":1087,"minecraft:leave_game":1,"minecraft:damage_dealt":10,"minecraft:walk_on_water_one_cm":1648,"minecraft:sprint_one_cm":4340,"minecraft:play_time":1087,"minecraft:damage_taken":80,"minecraft:time_since_death":1087,"minecraft:walk_one_cm":1053,"minecraft:sneak_time":15,"minecraft:total_world_time":1087,"minecraft:walk_under_water_one_cm":300,"minecraft:swim_one_cm":596,"minecraft:fall_one_cm":5182,"minecraft:fly_one_cm":13386}},"DataVersion":3465}