{"stats":{"minecraft:used":{"minecraft:moss_carpet":6,"minecraft:stone_sword":84,"minecraft:shield":11,"minecraft:wooden_shovel":15,"minecraft:oak_door":13,"minecraft:torch":8,"minecraft:dirt":39,"minecraft:tuff":8,"minecraft:iron_boots":1,"minecraft:mangrove_roots":3,"minecraft:furnace":9,"minecraft:cobbled_deepslate":98,"minecraft:stone_pickaxe":501,"minecraft:oak_planks":156,"minecraft:wooden_pickaxe":21,"minecraft:oak_slab":38,"minecraft:crafting_table":7,"minecraft:red_mushroom":1,"minecraft:oak_log":1,"minecraft:mud":8,"minecraft:apple":1,"minecraft:iron_pickaxe":131,"minecraft:gravel":1,"minecraft:stone_axe":147,"minecraft:cobblestone":173,"minecraft:andesite":10},"minecraft:crafted":{"minecraft:oak_door":6,"minecraft:oak_planks":156,"minecraft:furnace":4,"minecraft:iron_boots":1,"minecraft:stone_pickaxe":1,"minecraft:oak_slab":36,"minecraft:wooden_shovel":1,"minecraft:crafting_table":2,"minecraft:wooden_pickaxe":1,"minecraft:iron_helmet":1,"minecraft:stone_axe":2,"minecraft:air":0,"minecraft:iron_chestplate":1,"minecraft:stick":16,"minecraft:iron_pickaxe":1,"minecraft:iron_ingot":19,"minecraft:stone_sword":1,"minecraft:iron_leggings":1,"minecraft:torch":20},"minecraft:dropped":{"minecraft:iron_sword":2,"minecraft:oak_slab":2,"minecraft:crafting_table":2,"minecraft:grass_block":1,"minecraft:torch":1,"minecraft:oak_door":1,"minecraft:gravel":7,"minecraft:moss_carpet":1,"minecraft:mangrove_roots":4,"minecraft:cobbled_deepslate":294,"minecraft:tuff":1,"minecraft:rotten_flesh":1,"universal_graves:grave_compass":1,"minecraft:clay_ball":4,"minecraft:andesite":3,"minecraft:stone_pickaxe":1,"minecraft:wooden_pickaxe":2},"minecraft:killed_by":{"mobcatalog:stonemaw":1,"minecraft:player":5,"minecraft:creeper":1,"mobs_of_mythology:kobold_warrior":6,"mobs_of_mythology:kobold":1,"minecraft:skeleton":3,"minecraft:zombie":1},"minecraft:broken":{"minecraft:stone_pickaxe":4},"minecraft:killed":{"hybrid-aquatic:fiddler_crab":1,"minecraft:spider":1,"minecraft:skeleton":1,"artifacts:mimic":2,"mobs_of_mythology:kobold":1,"naturalist:alligator":1,"minecraft:zombie":7,"minecraft:player":2},"minecraft:custom":{"minecraft:interact_with_smithing_table":2,"minecraft:mob_kills":16,"minecraft:interact_with_crafting_table":14,"minecraft:open_barrel":14,"minecraft:leave_game":19,"minecraft:time_since_death":893,"minecraft:climb_one_cm":2689,"minecraft:sprint_one_cm":164916,"minecraft:walk_one_cm":333215,"minecraft:damage_blocked_by_shield":1170,"minecraft:drop":33,"minecraft:play_time":167155,"minecraft:deaths":24,"minecraft:sneak_time":17850,"minecraft:walk_under_water_one_cm":4975,"minecraft:jump":1810,"minecraft:walk_on_water_one_cm":11507,"minecraft:total_world_time":167155,"minecraft:interact_with_furnace":24,"minecraft:time_since_rest":918,"minecraft:damage_taken":6634,"minecraft:damage_dealt":4086,"minecraft:fly_one_cm":366470,"minecraft:player_kills":2,"minecraft:open_chest":2,"minecraft:crouch_one_cm":44558,"minecraft:interact_with_smoker":1,"minecraft:fall_one_cm":54062},"minecraft:picked_up":{"minecraft:mud":8,"minecraft:crafting_table":8,"minecraft:clay_ball":4,"minecraft:smithing_table":1,"minecraft:shield":1,"minecraft:string":1,"minecraft:red_bed":1,"minecraft:moss_carpet":12,"minecraft:raw_copper":22,"artifacts:power_glove":1,"universal_graves:grave_compass":1,"minecraft:cobbled_deepslate":393,"minecraft:furnace":7,"minecraft:stick":4,"minecraft:raw_iron":42,"minecraft:oak_door":8,"artifacts:charm_of_sinking":1,"minecraft:torch":9,"minecraft:redstone":17,"minecraft:rotten_flesh":4,"minecraft:arrow":1,"minecraft:mangrove_roots":7,"minecraft:cobblestone":273,"minecraft:glow_ink_sac":10,"minecraft:andesite":13,"minecraft:red_mushroom":5,"minecraft:flint":1,"minecraft:tuff":9,"minecraft:oak_log":40,"minecraft:dirt":59,"hybrid-aquatic:fiddler_crab_claw":2,"minecraft:bone":3,"minecraft:apple":1,"minecraft:wheat_seeds":6,"minecraft:raw_gold":5,"minecraft:stone_pickaxe":4,"minecraft:iron_ingot":23,"minecraft:iron_sword":3,"minecraft:oak_planks":50,"minecraft:oak_slab":4,"minecraft:gravel":8,"minecraft:diamond":23,"minecraft:stone_axe":1,"minecraft:oak_sapling":3,"minecraft:coal":25,"iceandfire:raw_silver":1},"minecraft:mined":{"minecraft:tuff":9,"iceandfire:silver_ore":1,"minecraft:deepslate_diamond_ore":23,"minecraft:oak_door":8,"minecraft:mangrove_roots":5,"minecraft:grass_block":42,"minecraft:brown_mushroom_block":2,"minecraft:red_mushroom":1,"minecraft:moss_block":1,"minecraft:furnace":8,"minecraft:cobbled_deepslate":10,"minecraft:iron_ore":20,"minecraft:fire":6,"minecraft:andesite":14,"minecraft:moss_carpet":1,"minecraft:deepslate_iron_ore":23,"minecraft:flowering_azalea_leaves":1,"minecraft:vine":2,"minecraft:azalea_leaves":1,"minecraft:stone":269,"minecraft:smithing_table":1,"minecraft:deepslate_redstone_ore":4,"minecraft:oak_slab":4,"minecraft:red_bed":1,"minecraft:clay":1,"minecraft:crafting_table":5,"minecraft:torch":5,"minecraft:mushroom_stem":11,"minecraft:copper_ore":6,"minecraft:tall_grass":1,"minecraft:cobblestone":6,"minecraft:deepslate_gold_ore":5,"minecraft:oak_planks":52,"minecraft:wall_torch":4,"minecraft:mud":8,"minecraft:grass":32,"minecraft:coal_ore":16,"minecraft:oak_log":40,"minecraft:dirt":28,"minecraft:gravel":4,"minecraft:red_mushroom_block":17,"minecraft:oak_leaves":5,"minecraft:deepslate":220,"minecraft:fern":1}},"DataVersion":3465}