{"stats":{"minecraft:used":{"minecraft:moss_block":2,"minecraft:moss_carpet":6,"minecraft:stone_sword":86,"minecraft:shield":13,"minecraft:iron_sword":23,"minecraft:wooden_shovel":15,"minecraft:oak_door":13,"minecraft:torch":8,"minecraft:dirt":39,"minecraft:tuff":8,"minecraft:axolotl_bucket":9,"mobs_of_mythology:kobold_spear":1,"minecraft:iron_boots":1,"minecraft:mangrove_roots":3,"minecraft:furnace":9,"minecraft:cobbled_deepslate":121,"minecraft:water_bucket":30,"minecraft:stone_pickaxe":501,"minecraft:oak_planks":156,"minecraft:wooden_pickaxe":21,"minecraft:glow_berries":4,"minecraft:oak_slab":38,"minecraft:crafting_table":10,"minecraft:red_mushroom":1,"minecraft:oak_log":1,"minecraft:mud":8,"minecraft:apple":1,"minecraft:iron_pickaxe":247,"minecraft:gravel":1,"simplyswords:iron_sai":16,"minecraft:stone_axe":150,"minecraft:cobblestone":173,"minecraft:bucket":40,"minecraft:andesite":10},"minecraft:crafted":{"minecraft:oak_door":6,"minecraft:oak_planks":156,"minecraft:raw_iron":27,"minecraft:furnace":4,"minecraft:iron_boots":1,"minecraft:stone_pickaxe":1,"minecraft:oak_slab":36,"minecraft:wooden_shovel":1,"minecraft:crafting_table":2,"minecraft:wooden_pickaxe":1,"minecraft:iron_helmet":1,"minecraft:bucket":2,"minecraft:stone_axe":2,"minecraft:bread":4,"minecraft:air":0,"minecraft:iron_chestplate":1,"minecraft:stick":16,"minecraft:iron_pickaxe":1,"minecraft:iron_ingot":19,"minecraft:stone_sword":1,"minecraft:iron_leggings":1,"minecraft:torch":20},"minecraft:dropped":{"minecraft:iron_sword":3,"minecraft:oak_slab":2,"minecraft:moss_block":9,"minecraft:crafting_table":2,"minecraft:cookie":5,"minecraft:glow_berries":2,"minecraft:grass_block":1,"minecraft:red_mushroom":4,"minecraft:stick":2,"minecraft:flint":1,"minecraft:torch":1,"minecraft:flowering_azalea":2,"minecraft:iron_pickaxe":1,"minecraft:oak_door":1,"minecraft:gravel":9,"minecraft:moss_carpet":8,"minecraft:mangrove_roots":4,"minecraft:cobbled_deepslate":415,"minecraft:tuff":1,"minecraft:rotten_flesh":1,"universal_graves:grave_compass":1,"minecraft:clay_ball":4,"minecraft:andesite":3,"minecraft:azalea":5,"minecraft:arrow":1,"minecraft:stone_pickaxe":1,"minecraft:wooden_pickaxe":2},"minecraft:killed_by":{"mobcatalog:stonemaw":1,"minecraft:player":8,"minecraft:creeper":1,"mobs_of_mythology:kobold_warrior":8,"mobs_of_mythology:kobold":1,"minecraft:skeleton":3,"minecraft:zombie":1},"minecraft:broken":{"minecraft:stone_pickaxe":4,"minecraft:iron_pickaxe":1},"minecraft:killed":{"hybrid-aquatic:fiddler_crab":1,"minecraft:spider":1,"minecraft:skeleton":1,"artifacts:mimic":2,"mobs_of_mythology:kobold":3,"naturalist:alligator":1,"minecraft:zombie":7,"mobs_of_mythology:kobold_warrior":3,"minecraft:player":2},"minecraft:custom":{"minecraft:interact_with_smithing_table":2,"minecraft:mob_kills":22,"minecraft:interact_with_crafting_table":17,"minecraft:open_barrel":34,"minecraft:eat_cake_slice":2,"minecraft:leave_game":19,"minecraft:time_since_death":3642,"minecraft:climb_one_cm":2874,"minecraft:sprint_one_cm":227383,"minecraft:walk_one_cm":396080,"minecraft:damage_blocked_by_shield":1238,"minecraft:drop":59,"minecraft:play_time":191155,"minecraft:deaths":29,"minecraft:sneak_time":18600,"minecraft:walk_under_water_one_cm":12904,"minecraft:jump":2327,"minecraft:walk_on_water_one_cm":18527,"minecraft:total_world_time":191155,"minecraft:interact_with_furnace":24,"minecraft:time_since_rest":3669,"minecraft:damage_taken":8159,"minecraft:damage_dealt":5899,"minecraft:swim_one_cm":34022,"minecraft:fly_one_cm":414436,"minecraft:player_kills":2,"minecraft:open_chest":7,"minecraft:crouch_one_cm":46163,"minecraft:interact_with_smoker":1,"minecraft:fall_one_cm":61125},"minecraft:picked_up":{"minecraft:mud":8,"minecraft:crafting_table":11,"minecraft:clay_ball":56,"minecraft:smithing_table":1,"mobs_of_mythology:kobold_spear":3,"minecraft:shield":1,"minecraft:string":2,"minecraft:red_bed":1,"minecraft:moss_carpet":21,"minecraft:raw_copper":22,"artifacts:power_glove":1,"universal_graves:grave_compass":1,"minecraft:cobbled_deepslate":541,"minecraft:iron_pickaxe":1,"minecraft:azalea":5,"minecraft:furnace":7,"minecraft:stick":4,"minecraft:raw_iron":42,"minecraft:oak_door":8,"artifacts:charm_of_sinking":1,"minecraft:big_dripleaf":4,"minecraft:torch":9,"minecraft:bowl":1,"minecraft:redstone":26,"minecraft:rotten_flesh":4,"minecraft:arrow":2,"minecraft:mangrove_roots":7,"minecraft:glow_berries":6,"minecraft:cobblestone":273,"minecraft:glow_ink_sac":10,"minecraft:andesite":13,"minecraft:red_mushroom":5,"minecraft:flint":1,"minecraft:tuff":9,"minecraft:oak_log":40,"minecraft:dirt":59,"hybrid-aquatic:fiddler_crab_claw":2,"minecraft:bone":3,"minecraft:apple":1,"minecraft:wheat_seeds":6,"minecraft:raw_gold":5,"minecraft:stone_pickaxe":4,"minecraft:iron_ingot":23,"minecraft:moss_block":11,"minecraft:flowering_azalea":2,"minecraft:iron_sword":5,"minecraft:oak_planks":50,"minecraft:oak_slab":4,"minecraft:gravel":10,"minecraft:diamond":23,"minecraft:stone_axe":1,"minecraft:emerald":10,"minecraft:oak_sapling":3,"minecraft:coal":25,"iceandfire:raw_silver":1},"minecraft:mined":{"minecraft:tuff":24,"iceandfire:silver_ore":1,"minecraft:deepslate_diamond_ore":23,"minecraft:oak_door":8,"minecraft:mangrove_roots":5,"minecraft:grass_block":42,"minecraft:brown_mushroom_block":2,"minecraft:red_mushroom":1,"minecraft:moss_block":4,"minecraft:furnace":8,"minecraft:cobbled_deepslate":10,"minecraft:iron_ore":20,"minecraft:fire":8,"minecraft:andesite":14,"minecraft:moss_carpet":1,"minecraft:cave_vines":1,"minecraft:deepslate_iron_ore":23,"minecraft:flowering_azalea_leaves":1,"minecraft:vine":2,"minecraft:azalea_leaves":1,"minecraft:azalea":2,"minecraft:stone":269,"minecraft:smithing_table":1,"minecraft:deepslate_redstone_ore":6,"minecraft:oak_slab":4,"minecraft:flowering_azalea":1,"minecraft:red_bed":1,"minecraft:clay":14,"minecraft:crafting_table":8,"minecraft:torch":5,"minecraft:mushroom_stem":11,"minecraft:copper_ore":6,"minecraft:tall_grass":4,"minecraft:cobblestone":6,"minecraft:deepslate_gold_ore":5,"minecraft:oak_planks":52,"minecraft:wall_torch":4,"minecraft:mud":8,"minecraft:grass":36,"minecraft:coal_ore":16,"minecraft:oak_log":40,"minecraft:dirt":28,"minecraft:gravel":5,"minecraft:cobweb":1,"minecraft:red_mushroom_block":17,"minecraft:oak_leaves":5,"minecraft:deepslate":302,"minecraft:fern":1}},"DataVersion":3465}