{"stats":{"minecraft:used":{"minecraft:moss_block":2,"minecraft:moss_carpet":6,"minecraft:shield":24,"minecraft:iron_sword":41,"minecraft:carrot":1,"minecraft:tuff":8,"minecraft:axolotl_bucket":9,"mcda:teleportation_robe_helmet":1,"mobs_of_mythology:kobold_spear":505,"paladins:wooden_great_hammer":1,"minecraft:dark_oak_slab":23,"simplyswords:arcanethyst":186,"minecraft:mangrove_roots":3,"minecraft:furnace":19,"minecraft:cooked_cod":24,"minecraft:gold_block":1,"minecraft:egg":1,"minecraft:dark_oak_stairs":2,"minecraft:stone_pickaxe":501,"minecraft:oak_planks":182,"minecraft:ender_pearl":6,"minecraft:wooden_pickaxe":21,"minecraft:diamond_axe":76,"minecraft:cookie":4,"minecraft:white_wool":4,"minecraft:glow_berries":4,"paladins:iron_kite_shield":43,"minecraft:bread":43,"minecraft:oak_pressure_plate":1,"minecraft:gravel":1,"paladins:diamond_kite_shield":59,"minecraft:andesite":10,"minecraft:cobweb":2,"minecraft:oak_fence":1,"minecraft:stone_sword":90,"minecraft:flint_and_steel":36,"minecraft:spruce_planks":10,"minecraft:wooden_shovel":15,"minecraft:cooked_salmon":3,"minecraft:oak_door":13,"minecraft:torch":56,"minecraft:dirt":42,"minecraft:spruce_stairs":9,"minecraft:dark_oak_planks":1,"minecraft:iron_axe":25,"minecraft:oak_stairs":2,"minecraft:iron_boots":1,"minecraft:barrel":1,"minecraft:cobbled_deepslate":121,"minecraft:pumpkin":3,"minecraft:water_bucket":31,"minecraft:salmon":5,"minecraft:oak_slab":38,"minecraft:tnt":6,"minecraft:crafting_table":16,"minecraft:red_bed":2,"minecraft:red_mushroom":1,"minecraft:white_bed":1,"minecraft:cod":2,"minecraft:oak_log":2,"minecraft:mud":8,"minecraft:diamond_pickaxe":165,"minecraft:apple":6,"minecraft:diamond_shovel":58,"minecraft:iron_pickaxe":247,"simplyswords:iron_sai":17,"minecraft:stone_axe":166,"minecraft:cobblestone":173,"minecraft:white_banner":2,"minecraft:bucket":42,"minecraft:pumpkin_pie":1},"minecraft:crafted":{"minecraft:oak_planks":212,"minecraft:oak_pressure_plate":1,"minecraft:diamond_shovel":1,"minecraft:iron_boots":1,"minecraft:oak_slab":36,"minecraft:wooden_shovel":1,"minecraft:diamond_axe":2,"minecraft:crafting_table":3,"minecraft:spruce_planks":8,"minecraft:wooden_pickaxe":1,"minecraft:iron_helmet":2,"minecraft:gold_block":1,"minecraft:iron_chestplate":1,"minecraft:shield":1,"minecraft:stick":36,"minecraft:iron_ingot":19,"minecraft:iron_pickaxe":1,"minecraft:stone_sword":1,"minecraft:gold_ingot":9,"minecraft:oak_door":6,"minecraft:raw_iron":27,"minecraft:furnace":9,"mobs_of_mythology:kobold_spear":1,"paladins:diamond_kite_shield":1,"minecraft:stone_pickaxe":1,"minecraft:dark_oak_planks":8,"minecraft:wheat":9,"minecraft:cooked_cod":28,"minecraft:cooked_salmon":36,"minecraft:bucket":2,"minecraft:stone_axe":2,"minecraft:bread":17,"minecraft:air":0,"minecraft:golden_apple":1,"minecraft:iron_leggings":2,"minecraft:white_bed":1,"minecraft:torch":44},"minecraft:dropped":{"minecraft:iron_sword":5,"minecraft:moss_block":9,"minecraft:diamond_axe":1,"minecraft:crafting_table":5,"minecraft:cookie":5,"minecraft:glow_berries":2,"minecraft:red_mushroom":4,"minecraft:cod":4,"minecraft:item_frame":3,"minecraft:flint":1,"minecraft:cooked_cod":4,"minecraft:snowball":48,"artifacts:charm_of_sinking":1,"minecraft:pumpkin_pie":8,"minecraft:iron_pickaxe":1,"minecraft:dark_oak_planks":13,"simplyswords:iron_sai":2,"minecraft:bone":12,"minecraft:oak_door":1,"minecraft:gravel":9,"minecraft:stone_axe":1,"minecraft:mangrove_roots":4,"minecraft:cobbled_deepslate":415,"minecraft:wheat":2,"simplyswords:arcanethyst":1,"minecraft:rotten_flesh":1,"universal_graves:grave_compass":2,"minecraft:oak_planks":22,"minecraft:carrot":6,"minecraft:eye_armor_trim_smithing_template":1,"minecraft:leather_chestplate":2,"minecraft:gunpowder":16,"minecraft:skeleton_skull":2,"minecraft:leather_boots":4,"minecraft:azalea":5,"minecraft:leather_leggings":1,"minecraft:spruce_slab":1,"minecraft:iron_bars":18,"minecraft:arrow":8,"minecraft:bread":14,"minecraft:oak_slab":13,"minecraft:tnt":5,"minecraft:smithing_table":1,"paladins:wooden_great_hammer":1,"minecraft:iron_helmet":4,"minecraft:apple":7,"minecraft:spruce_stairs":4,"minecraft:grass_block":1,"minecraft:coal":33,"minecraft:golden_apple":1,"minecraft:stick":16,"mcda:teleportation_robe_helmet":1,"minecraft:cobweb":3,"minecraft:torch":11,"minecraft:cooked_salmon":33,"minecraft:iron_leggings":1,"minecraft:flowering_azalea":2,"minecraft:white_banner":2,"minecraft:iron_axe":1,"paladins:diamond_kite_shield":1,"aquamirae:frozen_key":1,"minecraft:string":4,"minecraft:furnace":6,"minecraft:moss_carpet":8,"minecraft:oak_trapdoor":1,"minecraft:bowl":1,"minecraft:tuff":1,"minecraft:raw_iron":39,"simplyswords:diamond_sai":1,"minecraft:clay_ball":4,"minecraft:iron_boots":1,"minecraft:shears":3,"minecraft:filled_map":3,"minecraft:shield":1,"aquamirae:fin":5,"minecraft:spruce_planks":5,"aquamirae:oxygen_tank":1,"minecraft:iron_chestplate":3,"minecraft:andesite":3,"minecraft:barrel":1,"minecraft:slime_ball":3,"minecraft:bow":2,"minecraft:stone_pickaxe":1,"minecraft:wooden_pickaxe":2},"minecraft:killed_by":{"iceandfire:cyclops":2,"minecraft:creeper":1,"minecraft:pillager":1,"mobs_of_mythology:kobold_warrior":11,"minecraft:vindicator":3,"aquamirae:captain_cornelia":19,"minecraft:zombie":2,"aquamirae:tortured_soul":1,"minecraft:vex":1,"mobcatalog:stonemaw":1,"minecraft:player":10,"minecraft:enderman":1,"mobs_of_mythology:kobold":1,"minecraft:skeleton":6},"minecraft:killed":{"hybrid-aquatic:fiddler_crab":1,"minecraft:spider":1,"aquamirae:tortured_soul":2,"minecraft:skeleton":14,"minecraft:silverfish":9,"frostiful:chillager":1,"artifacts:mimic":2,"aquamirae:captain_cornelia":1,"naturalist:alligator":1,"minecraft:pillager":11,"minecraft:zombie":8,"minecraft:evoker":1,"minecraft:vindicator":6,"aquamirae:maw":3,"hybrid-aquatic:barrel_jellyfish":2,"hybrid-aquatic:lions_mane_jellyfish":1,"mobs_of_mythology:kobold":4,"minecraft:polar_bear":1,"mobs_of_mythology:kobold_warrior":6,"minecraft:player":6},"minecraft:broken":{"mobs_of_mythology:kobold_spear":1,"mcda:teleportation_robe_helmet":1,"paladins:iron_kite_shield":1,"paladins:priest_robe_feet":1,"minecraft:iron_leggings":1,"minecraft:stone_pickaxe":4,"minecraft:iron_pickaxe":1},"minecraft:custom":{"minecraft:interact_with_crafting_table":57,"minecraft:open_barrel":181,"minecraft:bell_ring":3,"minecraft:eat_cake_slice":2,"minecraft:leave_game":20,"minecraft:time_since_death":31509,"minecraft:sprint_one_cm":536650,"minecraft:damage_blocked_by_shield":8058,"minecraft:drop":182,"minecraft:talked_to_villager":3,"minecraft:play_time":339616,"minecraft:deaths":76,"minecraft:jump":4991,"minecraft:walk_on_water_one_cm":75924,"minecraft:interact_with_furnace":65,"minecraft:sleep_in_bed":2,"minecraft:damage_dealt":55854,"minecraft:player_kills":8,"minecraft:crouch_one_cm":66679,"minecraft:interact_with_smoker":1,"minecraft:interact_with_smithing_table":2,"minecraft:mob_kills":83,"minecraft:climb_one_cm":4832,"minecraft:walk_one_cm":750037,"minecraft:sneak_time":27780,"minecraft:walk_under_water_one_cm":57729,"minecraft:total_world_time":339616,"minecraft:time_since_rest":22557,"minecraft:damage_taken":27295,"minecraft:swim_one_cm":205884,"minecraft:fly_one_cm":1164015,"minecraft:open_chest":151,"minecraft:fall_one_cm":142906},"minecraft:picked_up":{"minecraft:iron_chestplate":2,"minecraft:wheat":1,"minecraft:smithing_table":1,"minecraft:oak_stairs":2,"mobs_of_mythology:kobold_spear":6,"mcda:teleportation_robe_helmet":2,"minecraft:string":5,"aquamirae:pirate_pouch":1,"minecraft:raw_copper":22,"minecraft:iron_leggings":1,"universal_graves:grave_compass":3,"minecraft:cobbled_deepslate":541,"minecraft:spruce_planks":7,"minecraft:azalea":5,"minecraft:iron_pickaxe":1,"minecraft:furnace":15,"aquamirae:frozen_key":1,"minecraft:stick":10,"minecraft:big_dripleaf":4,"minecraft:oak_fence":1,"minecraft:torch":37,"minecraft:spruce_stairs":13,"simplyswords:arcanethyst":1,"paladins:paladin_armor_head":1,"minecraft:rotten_flesh":4,"minecraft:mangrove_roots":7,"minecraft:iron_bars":18,"minecraft:cod":4,"minecraft:snowball":77,"minecraft:cobblestone":316,"minecraft:leather_chestplate":1,"minecraft:andesite":13,"aquamirae:three_bolt_helmet":1,"minecraft:flint":1,"minecraft:tuff":9,"minecraft:dirt":66,"aquamirae:fin":5,"minecraft:leather_boots":4,"minecraft:bone":21,"minecraft:bow":3,"minecraft:wheat_seeds":6,"minecraft:raw_gold":5,"minecraft:moss_block":11,"simplyswords:diamond_sai":1,"minecraft:oak_planks":54,"paladins:wooden_great_hammer":1,"aquamirae:oxygen_tank":2,"minecraft:sand":25,"minecraft:dark_oak_log":14,"minecraft:barrel":7,"aquamirae:rune_of_the_storm":1,"minecraft:diamond":23,"minecraft:emerald":36,"minecraft:bread":11,"minecraft:oak_sapling":3,"iceandfire:raw_silver":1,"minecraft:diamond_pickaxe":1,"minecraft:mud":8,"minecraft:crafting_table":19,"minecraft:clay_ball":56,"simplyswords:iron_sai":2,"minecraft:leather_leggings":1,"minecraft:brown_mushroom":1,"minecraft:gold_block":2,"minecraft:shield":1,"minecraft:oak_trapdoor":1,"minecraft:red_bed":2,"minecraft:moss_carpet":21,"minecraft:iron_axe":3,"artifacts:power_glove":1,"minecraft:wooden_sword":1,"minecraft:flint_and_steel":1,"minecraft:item_frame":6,"minecraft:spruce_slab":1,"minecraft:egg":1,"minecraft:raw_iron":81,"minecraft:oak_door":8,"artifacts:charm_of_sinking":1,"minecraft:bowl":3,"minecraft:carrot":16,"minecraft:redstone":28,"minecraft:dark_oak_planks":14,"minecraft:tnt":16,"minecraft:arrow":13,"minecraft:pumpkin_pie":1,"minecraft:shears":1,"minecraft:hay_block":1,"minecraft:gold_ingot":2,"minecraft:glow_berries":6,"minecraft:skeleton_skull":2,"minecraft:white_wool":4,"minecraft:glow_ink_sac":10,"minecraft:salmon":1,"minecraft:red_mushroom":5,"minecraft:filled_map":4,"minecraft:oak_log":55,"mcda:frost_crystal":1,"minecraft:gunpowder":12,"minecraft:white_banner":6,"hybrid-aquatic:fiddler_crab_claw":2,"minecraft:apple":1,"minecraft:iron_ingot":23,"minecraft:stone_pickaxe":4,"minecraft:cobweb":2,"minecraft:iron_sword":8,"minecraft:flowering_azalea":2,"minecraft:dark_oak_stairs":2,"minecraft:book":12,"minecraft:oak_slab":15,"minecraft:dark_oak_slab":23,"aquamirae:ship_graveyard_echo":3,"minecraft:pumpkin":3,"minecraft:gravel":10,"minecraft:spruce_log":2,"paladins:iron_kite_shield":1,"minecraft:slime_ball":3,"minecraft:stone_axe":1,"minecraft:iron_helmet":2,"minecraft:diamond_axe":1,"paladins:iron_mace":1,"minecraft:coal":76,"minecraft:ender_pearl":5},"minecraft:mined":{"minecraft:dark_oak_planks":2,"minecraft:spruce_planks":5,"minecraft:spruce_trapdoor":1,"minecraft:grass_block":43,"minecraft:coal_block":2,"minecraft:cobbled_deepslate":10,"minecraft:iron_ore":20,"minecraft:fire":15,"minecraft:barrel":5,"minecraft:pumpkin":3,"minecraft:moss_carpet":1,"minecraft:dark_oak_stairs":1,"minecraft:cave_vines":1,"minecraft:flowering_azalea_leaves":1,"minecraft:oak_stairs":4,"minecraft:azalea_leaves":2,"minecraft:azalea":2,"minecraft:spruce_slab":1,"minecraft:deepslate_redstone_ore":6,"minecraft:red_bed":2,"minecraft:powder_snow":11,"minecraft:clay":18,"minecraft:torch":11,"minecraft:mushroom_stem":11,"minecraft:cobblestone":6,"minecraft:oak_planks":52,"minecraft:wall_torch":8,"minecraft:dark_oak_slab":16,"minecraft:mud":8,"minecraft:blue_ice":2,"minecraft:tnt":3,"minecraft:grass":36,"minecraft:oak_log":57,"minecraft:sand":27,"minecraft:dirt":34,"minecraft:red_mushroom_block":17,"minecraft:oak_leaves":5,"minecraft:deepslate":302,"minecraft:tuff":24,"iceandfire:silver_ore":1,"minecraft:deepslate_diamond_ore":23,"minecraft:oak_door":8,"minecraft:dark_oak_log":14,"minecraft:mangrove_roots":5,"minecraft:dark_oak_fence":1,"minecraft:brown_mushroom_block":2,"minecraft:red_mushroom":1,"minecraft:moss_block":4,"minecraft:large_fern":4,"minecraft:furnace":11,"minecraft:snow":1,"minecraft:andesite":14,"minecraft:gold_block":1,"minecraft:bookshelf":4,"minecraft:deepslate_iron_ore":23,"minecraft:vine":2,"minecraft:packed_ice":111,"minecraft:stone":312,"minecraft:white_wool":4,"minecraft:smithing_table":1,"minecraft:oak_slab":4,"minecraft:flowering_azalea":1,"minecraft:snow_block":10,"minecraft:oak_fence":1,"minecraft:crafting_table":12,"minecraft:tall_grass":4,"minecraft:copper_ore":6,"minecraft:deepslate_gold_ore":5,"minecraft:spruce_stairs":21,"minecraft:ice":11,"minecraft:coal_ore":16,"minecraft:gravel":5,"minecraft:cobweb":4,"minecraft:fern":1}},"DataVersion":3465}