{"stats":{"minecraft:picked_up":{"minecraft:brown_mushroom":2,"minecraft:flint":1,"minecraft:dirt":41},"minecraft:mined":{"minecraft:grass":2,"minecraft:grass_block":20,"minecraft:dirt":21,"minecraft:spruce_leaves":1,"wilderwild:brown_shelf_fungus":1},"minecraft:custom":{"minecraft:time_since_rest":2907,"minecraft:crouch_one_cm":1407,"minecraft:sprint_one_cm":61008,"minecraft:play_time":24145,"minecraft:deaths":4,"minecraft:damage_taken":845,"minecraft:walk_one_cm":29168,"minecraft:sneak_time":477,"minecraft:walk_under_water_one_cm":454,"minecraft:jump":651,"minecraft:damage_dealt":46,"minecraft:leave_game":5,"minecraft:walk_on_water_one_cm":672,"minecraft:time_since_death":1001,"minecraft:total_world_time":24145,"minecraft:swim_one_cm":1561,"minecraft:fall_one_cm":7763,"minecraft:fly_one_cm":148906},"minecraft:killed_by":{"minecraft:skeleton":1},"minecraft:used":{"minecraft:dirt":40}},"DataVersion":3465}