{"stats":{"minecraft:picked_up":{"minecraft:flint":1,"minecraft:dirt":37},"minecraft:mined":{"minecraft:grass":2,"minecraft:grass_block":19,"minecraft:dirt":18},"minecraft:custom":{"minecraft:time_since_rest":3735,"minecraft:crouch_one_cm":1407,"minecraft:sprint_one_cm":55670,"minecraft:play_time":17719,"minecraft:deaths":3,"minecraft:damage_taken":685,"minecraft:walk_one_cm":17749,"minecraft:sneak_time":477,"minecraft:walk_under_water_one_cm":454,"minecraft:jump":570,"minecraft:damage_dealt":26,"minecraft:leave_game":5,"minecraft:time_since_death":3704,"minecraft:walk_on_water_one_cm":672,"minecraft:total_world_time":17719,"minecraft:swim_one_cm":1561,"minecraft:fall_one_cm":7345,"minecraft:fly_one_cm":133468},"minecraft:killed_by":{"minecraft:skeleton":1},"minecraft:used":{"minecraft:dirt":37}},"DataVersion":3465}