{"stats":{"minecraft:used":{"minecraft:dirt":19},"minecraft:mined":{"minecraft:grass":1,"minecraft:grass_block":19,"minecraft:dirt":2},"minecraft:picked_up":{"minecraft:dirt":21},"minecraft:custom":{"minecraft:jump":233,"minecraft:time_since_rest":1612,"minecraft:deaths":1,"minecraft:leave_game":3,"minecraft:crouch_one_cm":1272,"minecraft:play_time":8774,"minecraft:sprint_one_cm":22188,"minecraft:damage_taken":220,"minecraft:time_since_death":1596,"minecraft:walk_one_cm":4724,"minecraft:sneak_time":321,"minecraft:total_world_time":8774,"minecraft:fall_one_cm":1507,"minecraft:fly_one_cm":56995}},"DataVersion":3465}