{"stats":{"minecraft:used":{"minecraft:stone_pickaxe":5,"minecraft:map":1,"minecraft:wooden_pickaxe":9,"minecraft:stone_axe":7,"minecraft:crafting_table":3,"minecraft:oak_boat":1},"minecraft:crafted":{"minecraft:oak_boat":1,"minecraft:oak_planks":40,"minecraft:crafting_table":2,"minecraft:stick":8,"minecraft:wooden_pickaxe":1,"minecraft:stone_pickaxe":1,"minecraft:dark_oak_planks":20,"minecraft:stone_axe":2},"minecraft:custom":{"minecraft:time_since_rest":20037,"minecraft:sprint_one_cm":30992,"minecraft:damage_taken":665,"minecraft:walk_one_cm":21404,"minecraft:drop":1,"minecraft:damage_dealt":10,"minecraft:interact_with_crafting_table":5,"minecraft:fly_one_cm":109993,"minecraft:open_chest":1,"minecraft:crouch_one_cm":580,"minecraft:play_time":28247,"minecraft:deaths":2,"minecraft:sneak_time":223,"minecraft:walk_under_water_one_cm":112,"minecraft:boat_one_cm":81009,"minecraft:jump":198,"minecraft:leave_game":2,"minecraft:walk_on_water_one_cm":128,"minecraft:time_since_death":20007,"minecraft:total_world_time":28247,"minecraft:climb_one_cm":1444,"minecraft:fall_one_cm":9812},"minecraft:picked_up":{"wilderwild:milkweed":1,"minecraft:raw_iron":5,"minecraft:stick":2,"minecraft:crafting_table":2,"minecraft:lilac":1,"minecraft:brown_mushroom":2,"minecraft:wooden_pickaxe":1,"minecraft:red_mushroom":3,"minecraft:oak_log":10,"minecraft:dark_oak_log":9,"minecraft:dirt":9,"minecraft:cobblestone":9},"minecraft:mined":{"minecraft:large_fern":13,"minecraft:brown_mushroom":1,"minecraft:dark_oak_leaves":4,"minecraft:iron_ore":5,"minecraft:lilac":1,"minecraft:dark_oak_log":9,"minecraft:birch_leaves":9,"minecraft:crafting_table":2,"minecraft:grass":6,"minecraft:grass_block":9,"minecraft:oak_log":10,"minecraft:brown_mushroom_block":4,"minecraft:tall_grass":4,"wilderwild:milkweed":2,"minecraft:stone":9,"minecraft:fern":3},"minecraft:dropped":{"minecraft:wooden_pickaxe":1},"minecraft:killed_by":{"minecraft:skeleton":1,"wildlife:glow_jellyfish":1}},"DataVersion":3465}