{"stats":{"minecraft:custom":{"minecraft:jump":137,"minecraft:time_since_rest":5533,"minecraft:crouch_one_cm":217,"minecraft:sprint_one_cm":14027,"minecraft:play_time":5533,"minecraft:walk_on_water_one_cm":962,"minecraft:time_since_death":5533,"minecraft:walk_one_cm":3912,"minecraft:sneak_time":48,"minecraft:climb_one_cm":663,"minecraft:total_world_time":5533,"minecraft:walk_under_water_one_cm":457,"minecraft:swim_one_cm":1381,"minecraft:fall_one_cm":209,"minecraft:fly_one_cm":175176},"minecraft:mined":{"minecraft:grass":1,"minecraft:sand":4},"minecraft:picked_up":{"minecraft:sand":4,"minecraft:egg":3}},"DataVersion":3465}