{"stats":{"minecraft:custom":{"minecraft:jump":126,"minecraft:time_since_rest":3578,"minecraft:damage_dealt":16,"minecraft:sprint_one_cm":10221,"minecraft:leave_game":1,"minecraft:play_time":3578,"minecraft:damage_taken":130,"minecraft:time_since_death":3578,"minecraft:walk_one_cm":6241,"minecraft:sneak_time":5,"minecraft:total_world_time":3578,"minecraft:interact_with_crafting_table":2,"minecraft:fall_one_cm":8981,"minecraft:fly_one_cm":37837},"minecraft:picked_up":{"minecraft:sand":10,"minecraft:acacia_log":3},"minecraft:used":{"minecraft:sand":10,"minecraft:crafting_table":1},"minecraft:mined":{"minecraft:grass":1,"minecraft:acacia_log":3,"minecraft:sand":10},"minecraft:crafted":{"minecraft:crafting_table":1,"minecraft:acacia_boat":1,"minecraft:acacia_planks":12}},"DataVersion":3465}