{"stats":{"minecraft:used":{"minecraft:moss_block":2,"minecraft:moss_carpet":6,"minecraft:stone_sword":90,"minecraft:spruce_planks":2,"minecraft:shield":24,"minecraft:iron_sword":23,"minecraft:cooked_salmon":3,"minecraft:wooden_shovel":15,"minecraft:oak_door":13,"minecraft:torch":14,"minecraft:dirt":39,"minecraft:tuff":8,"minecraft:axolotl_bucket":9,"mcda:teleportation_robe_helmet":1,"mobs_of_mythology:kobold_spear":13,"minecraft:iron_boots":1,"simplyswords:arcanethyst":61,"minecraft:mangrove_roots":3,"minecraft:furnace":12,"minecraft:cooked_cod":1,"minecraft:gold_block":1,"minecraft:cobbled_deepslate":121,"minecraft:water_bucket":30,"minecraft:stone_pickaxe":501,"minecraft:oak_planks":156,"minecraft:ender_pearl":3,"minecraft:wooden_pickaxe":21,"minecraft:salmon":5,"minecraft:cookie":4,"minecraft:glow_berries":4,"minecraft:red_bed":1,"minecraft:oak_slab":38,"minecraft:crafting_table":13,"minecraft:red_mushroom":1,"minecraft:cod":2,"paladins:iron_kite_shield":32,"minecraft:oak_log":1,"minecraft:mud":8,"minecraft:diamond_pickaxe":89,"minecraft:apple":1,"minecraft:bread":6,"minecraft:iron_pickaxe":247,"minecraft:gravel":1,"simplyswords:iron_sai":17,"minecraft:stone_axe":166,"minecraft:cobblestone":173,"minecraft:bucket":41,"minecraft:andesite":10,"minecraft:pumpkin_pie":1,"minecraft:cobweb":2},"minecraft:crafted":{"minecraft:oak_door":6,"minecraft:oak_planks":156,"minecraft:raw_iron":27,"minecraft:furnace":4,"minecraft:iron_boots":1,"minecraft:stone_pickaxe":1,"minecraft:cooked_cod":28,"minecraft:oak_slab":36,"minecraft:wooden_shovel":1,"minecraft:crafting_table":2,"minecraft:wooden_pickaxe":1,"minecraft:iron_helmet":1,"minecraft:cooked_salmon":36,"minecraft:gold_block":1,"minecraft:bucket":2,"minecraft:stone_axe":2,"minecraft:bread":11,"minecraft:air":0,"minecraft:iron_chestplate":1,"minecraft:shield":1,"minecraft:stick":16,"minecraft:iron_pickaxe":1,"minecraft:iron_ingot":19,"minecraft:stone_sword":1,"minecraft:iron_leggings":1,"minecraft:torch":20},"minecraft:dropped":{"minecraft:bread":11,"minecraft:iron_sword":3,"minecraft:oak_slab":2,"minecraft:moss_block":9,"minecraft:smithing_table":1,"minecraft:crafting_table":4,"minecraft:iron_helmet":3,"minecraft:cookie":5,"minecraft:glow_berries":2,"minecraft:spruce_stairs":2,"minecraft:grass_block":1,"minecraft:red_mushroom":4,"minecraft:cod":4,"minecraft:item_frame":3,"minecraft:stick":2,"minecraft:flint":1,"mcda:teleportation_robe_helmet":1,"minecraft:cobweb":3,"minecraft:torch":1,"minecraft:flowering_azalea":2,"minecraft:iron_pickaxe":1,"paladins:diamond_kite_shield":1,"simplyswords:iron_sai":2,"minecraft:bone":3,"minecraft:oak_door":1,"minecraft:gravel":9,"minecraft:furnace":6,"minecraft:stone_axe":1,"minecraft:moss_carpet":8,"minecraft:mangrove_roots":4,"minecraft:cobbled_deepslate":415,"minecraft:bowl":1,"minecraft:tuff":1,"minecraft:wheat":2,"minecraft:raw_iron":39,"simplyswords:arcanethyst":1,"minecraft:rotten_flesh":1,"universal_graves:grave_compass":1,"minecraft:clay_ball":4,"minecraft:iron_boots":1,"minecraft:eye_armor_trim_smithing_template":1,"minecraft:shield":1,"minecraft:gunpowder":4,"minecraft:spruce_planks":4,"minecraft:skeleton_skull":2,"minecraft:iron_chestplate":2,"minecraft:andesite":3,"minecraft:leather_boots":3,"minecraft:azalea":5,"minecraft:spruce_slab":1,"minecraft:iron_bars":18,"minecraft:arrow":3,"minecraft:stone_pickaxe":1,"minecraft:wooden_pickaxe":2},"minecraft:killed_by":{"mobcatalog:stonemaw":1,"minecraft:player":10,"minecraft:creeper":1,"mobs_of_mythology:kobold_warrior":8,"minecraft:enderman":1,"mobs_of_mythology:kobold":1,"minecraft:skeleton":5,"minecraft:zombie":1},"minecraft:broken":{"minecraft:stone_pickaxe":4,"minecraft:iron_pickaxe":1},"minecraft:killed":{"hybrid-aquatic:fiddler_crab":1,"minecraft:vindicator":3,"minecraft:spider":1,"minecraft:skeleton":9,"minecraft:silverfish":9,"frostiful:chillager":1,"artifacts:mimic":2,"mobs_of_mythology:kobold":3,"naturalist:alligator":1,"minecraft:zombie":7,"mobs_of_mythology:kobold_warrior":3,"minecraft:player":3},"minecraft:custom":{"minecraft:interact_with_smithing_table":2,"minecraft:mob_kills":44,"minecraft:interact_with_crafting_table":29,"minecraft:open_barrel":83,"minecraft:bell_ring":2,"minecraft:eat_cake_slice":2,"minecraft:leave_game":19,"minecraft:time_since_death":1378,"minecraft:climb_one_cm":3070,"minecraft:sprint_one_cm":305816,"minecraft:walk_one_cm":488696,"minecraft:damage_blocked_by_shield":3328,"minecraft:drop":105,"minecraft:talked_to_villager":3,"minecraft:play_time":227155,"minecraft:deaths":39,"minecraft:sneak_time":19515,"minecraft:walk_under_water_one_cm":18978,"minecraft:jump":2807,"minecraft:walk_on_water_one_cm":21009,"minecraft:total_world_time":227155,"minecraft:interact_with_furnace":49,"minecraft:time_since_rest":1416,"minecraft:damage_taken":11632,"minecraft:damage_dealt":14906,"minecraft:swim_one_cm":127077,"minecraft:fly_one_cm":487308,"minecraft:player_kills":4,"minecraft:open_chest":55,"minecraft:crouch_one_cm":48422,"minecraft:interact_with_smoker":1,"minecraft:fall_one_cm":79810},"minecraft:picked_up":{"minecraft:mud":8,"minecraft:iron_chestplate":1,"minecraft:crafting_table":15,"minecraft:wheat":1,"simplyswords:iron_sai":2,"minecraft:clay_ball":56,"minecraft:smithing_table":1,"mobs_of_mythology:kobold_spear":3,"minecraft:shield":1,"mcda:teleportation_robe_helmet":2,"minecraft:wooden_sword":1,"minecraft:string":4,"minecraft:red_bed":1,"minecraft:moss_carpet":21,"minecraft:raw_copper":22,"artifacts:power_glove":1,"minecraft:item_frame":6,"universal_graves:grave_compass":1,"minecraft:cobbled_deepslate":541,"minecraft:spruce_planks":6,"minecraft:spruce_slab":1,"minecraft:iron_pickaxe":1,"minecraft:azalea":5,"minecraft:furnace":13,"minecraft:stick":4,"minecraft:raw_iron":81,"minecraft:oak_door":8,"artifacts:charm_of_sinking":1,"minecraft:big_dripleaf":4,"minecraft:torch":14,"minecraft:bowl":3,"minecraft:spruce_stairs":2,"simplyswords:arcanethyst":1,"minecraft:redstone":26,"minecraft:rotten_flesh":4,"minecraft:arrow":4,"minecraft:pumpkin_pie":1,"minecraft:mangrove_roots":7,"minecraft:gold_ingot":2,"minecraft:glow_berries":6,"minecraft:iron_bars":18,"minecraft:cod":4,"minecraft:skeleton_skull":2,"minecraft:cobblestone":273,"minecraft:glow_ink_sac":10,"minecraft:andesite":13,"minecraft:red_mushroom":5,"minecraft:flint":1,"minecraft:tuff":9,"minecraft:oak_log":40,"minecraft:dirt":59,"minecraft:white_banner":1,"minecraft:leather_boots":3,"hybrid-aquatic:fiddler_crab_claw":2,"minecraft:bone":10,"minecraft:apple":1,"minecraft:wheat_seeds":6,"minecraft:raw_gold":5,"minecraft:stone_pickaxe":4,"minecraft:iron_ingot":23,"minecraft:cobweb":2,"minecraft:moss_block":11,"minecraft:flowering_azalea":2,"minecraft:iron_sword":5,"minecraft:oak_planks":50,"minecraft:book":12,"minecraft:oak_slab":4,"minecraft:gravel":10,"paladins:iron_kite_shield":1,"minecraft:diamond":23,"minecraft:stone_axe":1,"minecraft:iron_helmet":2,"minecraft:bread":11,"minecraft:emerald":14,"minecraft:oak_sapling":3,"minecraft:coal":32,"iceandfire:raw_silver":1,"minecraft:ender_pearl":4,"minecraft:diamond_pickaxe":1},"minecraft:mined":{"minecraft:spruce_planks":4,"minecraft:dark_oak_planks":1,"minecraft:tuff":24,"iceandfire:silver_ore":1,"minecraft:deepslate_diamond_ore":23,"minecraft:oak_door":8,"minecraft:mangrove_roots":5,"minecraft:grass_block":42,"minecraft:brown_mushroom_block":2,"minecraft:red_mushroom":1,"minecraft:moss_block":4,"minecraft:furnace":9,"minecraft:cobbled_deepslate":10,"minecraft:iron_ore":20,"minecraft:fire":8,"minecraft:andesite":14,"minecraft:moss_carpet":1,"minecraft:bookshelf":4,"minecraft:cave_vines":1,"minecraft:deepslate_iron_ore":23,"minecraft:flowering_azalea_leaves":1,"minecraft:vine":2,"minecraft:packed_ice":84,"minecraft:azalea_leaves":1,"minecraft:azalea":2,"minecraft:stone":269,"minecraft:spruce_slab":1,"minecraft:smithing_table":1,"minecraft:deepslate_redstone_ore":6,"minecraft:oak_slab":4,"minecraft:flowering_azalea":1,"minecraft:red_bed":1,"minecraft:clay":14,"minecraft:crafting_table":9,"minecraft:torch":7,"minecraft:mushroom_stem":11,"minecraft:copper_ore":6,"minecraft:tall_grass":4,"minecraft:cobblestone":6,"minecraft:deepslate_gold_ore":5,"minecraft:oak_planks":52,"minecraft:wall_torch":6,"minecraft:spruce_stairs":2,"minecraft:mud":8,"minecraft:ice":4,"minecraft:grass":36,"minecraft:coal_ore":16,"minecraft:oak_log":40,"minecraft:dirt":28,"minecraft:gravel":5,"minecraft:cobweb":3,"minecraft:red_mushroom_block":17,"minecraft:oak_leaves":5,"minecraft:deepslate":302,"minecraft:fern":1}},"DataVersion":3465}