{"stats":{"minecraft:used":{"minecraft:stone_pickaxe":13,"minecraft:map":1,"minecraft:wooden_pickaxe":9,"minecraft:stone_axe":11,"minecraft:dirt":20,"minecraft:crafting_table":3,"minecraft:oak_boat":1},"minecraft:dropped":{"minecraft:wooden_pickaxe":1},"minecraft:picked_up":{"wilderwild:milkweed":1,"minecraft:dark_oak_sapling":3,"minecraft:raw_iron":5,"minecraft:stick":5,"minecraft:crafting_table":3,"minecraft:lilac":1,"minecraft:brown_mushroom":3,"minecraft:red_mushroom":3,"minecraft:wooden_pickaxe":1,"minecraft:oak_log":10,"minecraft:dark_oak_log":9,"minecraft:dirt":23,"minecraft:rotten_flesh":2,"minecraft:apple":1,"minecraft:cobblestone":22},"minecraft:killed_by":{"minecraft:skeleton":3,"wildlife:glow_jellyfish":1},"minecraft:killed":{"minecraft:zombie":1},"minecraft:mined":{"minecraft:large_fern":13,"minecraft:brown_mushroom":1,"minecraft:dark_oak_leaves":76,"minecraft:iron_ore":5,"minecraft:lilac":1,"minecraft:dark_oak_log":9,"minecraft:birch_leaves":9,"minecraft:crafting_table":3,"minecraft:grass":8,"minecraft:grass_block":18,"minecraft:oak_log":10,"minecraft:dirt":6,"minecraft:brown_mushroom_block":6,"minecraft:tall_grass":4,"wilderwild:milkweed":2,"minecraft:stone":17,"minecraft:fern":3},"minecraft:crafted":{"minecraft:oak_boat":1,"minecraft:oak_planks":40,"minecraft:crafting_table":2,"minecraft:stick":8,"minecraft:wooden_pickaxe":1,"minecraft:stone_pickaxe":1,"minecraft:dark_oak_planks":20,"minecraft:stone_axe":2},"minecraft:custom":{"minecraft:time_since_rest":8912,"minecraft:sprint_one_cm":41816,"minecraft:damage_taken":1075,"minecraft:walk_one_cm":43835,"minecraft:mob_kills":1,"minecraft:drop":1,"minecraft:damage_dealt":242,"minecraft:interact_with_crafting_table":5,"minecraft:fly_one_cm":124604,"minecraft:open_chest":1,"minecraft:crouch_one_cm":2402,"minecraft:play_time":47441,"minecraft:deaths":4,"minecraft:sneak_time":886,"minecraft:walk_under_water_one_cm":112,"minecraft:boat_one_cm":81009,"minecraft:jump":325,"minecraft:leave_game":4,"minecraft:time_since_death":7781,"minecraft:walk_on_water_one_cm":128,"minecraft:total_world_time":47441,"minecraft:climb_one_cm":1444,"minecraft:fall_one_cm":15703}},"DataVersion":3465}