{"stats":{"minecraft:picked_up":{"minecraft:mud":8,"minecraft:crafting_table":7,"minecraft:clay_ball":4,"minecraft:glow_ink_sac":10,"minecraft:andesite":13,"minecraft:smithing_table":1,"minecraft:red_mushroom":5,"minecraft:flint":1,"minecraft:tuff":8,"minecraft:oak_log":40,"minecraft:shield":1,"minecraft:dirt":44,"minecraft:string":1,"minecraft:red_bed":1,"minecraft:moss_carpet":10,"minecraft:raw_copper":22,"artifacts:power_glove":1,"hybrid-aquatic:fiddler_crab_claw":2,"minecraft:bone":3,"minecraft:apple":1,"minecraft:wheat_seeds":2,"minecraft:cobbled_deepslate":295,"minecraft:stone_pickaxe":4,"minecraft:oak_planks":50,"minecraft:furnace":4,"minecraft:raw_iron":42,"minecraft:oak_slab":4,"minecraft:stick":4,"minecraft:oak_door":8,"minecraft:torch":9,"minecraft:gravel":8,"minecraft:redstone":17,"minecraft:arrow":1,"minecraft:rotten_flesh":1,"minecraft:diamond":18,"minecraft:stone_axe":1,"minecraft:mangrove_roots":6,"minecraft:oak_sapling":3,"minecraft:coal":21,"iceandfire:raw_silver":1,"minecraft:cobblestone":169},"minecraft:killed":{"hybrid-aquatic:fiddler_crab":1,"minecraft:spider":1,"mobs_of_mythology:kobold":1,"minecraft:skeleton":1,"naturalist:alligator":1,"minecraft:zombie":4,"minecraft:player":2,"artifacts:mimic":1},"minecraft:dropped":{"minecraft:oak_door":1,"minecraft:gravel":7,"minecraft:oak_slab":2,"minecraft:mangrove_roots":4,"minecraft:cobbled_deepslate":211,"minecraft:crafting_table":2,"minecraft:tuff":1,"minecraft:rotten_flesh":1,"minecraft:clay_ball":4,"minecraft:grass_block":1,"minecraft:torch":1,"minecraft:andesite":3,"minecraft:wooden_pickaxe":2,"minecraft:stone_pickaxe":1},"minecraft:mined":{"minecraft:smithing_table":1,"minecraft:deepslate_redstone_ore":4,"minecraft:oak_slab":4,"minecraft:tuff":8,"iceandfire:silver_ore":1,"minecraft:red_bed":1,"minecraft:deepslate_diamond_ore":18,"minecraft:oak_door":8,"minecraft:mangrove_roots":4,"minecraft:clay":1,"minecraft:torch":5,"minecraft:crafting_table":4,"minecraft:grass_block":26,"minecraft:mushroom_stem":11,"minecraft:brown_mushroom_block":2,"minecraft:copper_ore":6,"minecraft:cobblestone":6,"minecraft:oak_planks":52,"minecraft:red_mushroom":1,"minecraft:wall_torch":4,"minecraft:furnace":5,"minecraft:mud":8,"minecraft:iron_ore":20,"minecraft:cobbled_deepslate":8,"minecraft:andesite":14,"minecraft:moss_carpet":1,"minecraft:grass":22,"minecraft:oak_log":40,"minecraft:coal_ore":16,"minecraft:flowering_azalea_leaves":1,"minecraft:deepslate_iron_ore":23,"minecraft:vine":2,"minecraft:gravel":4,"minecraft:dirt":28,"minecraft:azalea_leaves":1,"minecraft:red_mushroom_block":17,"minecraft:stone":164,"minecraft:oak_leaves":5,"minecraft:deepslate":214},"minecraft:crafted":{"minecraft:oak_door":6,"minecraft:oak_slab":36,"minecraft:oak_planks":156,"minecraft:wooden_shovel":1,"minecraft:crafting_table":2,"minecraft:wooden_pickaxe":1,"minecraft:furnace":4,"minecraft:stone_axe":2,"minecraft:air":0,"minecraft:iron_chestplate":1,"minecraft:stick":16,"minecraft:iron_ingot":19,"minecraft:iron_pickaxe":1,"minecraft:stone_pickaxe":1,"minecraft:stone_sword":1,"minecraft:iron_leggings":1,"minecraft:torch":20},"minecraft:custom":{"minecraft:interact_with_furnace":21,"minecraft:mob_kills":11,"minecraft:interact_with_crafting_table":13,"minecraft:open_barrel":1,"minecraft:leave_game":18,"minecraft:time_since_death":35233,"minecraft:climb_one_cm":1919,"minecraft:time_since_rest":35262,"minecraft:sprint_one_cm":127925,"minecraft:damage_taken":4269,"minecraft:walk_one_cm":273898,"minecraft:damage_blocked_by_shield":1170,"minecraft:drop":27,"minecraft:damage_dealt":2614,"minecraft:player_kills":2,"minecraft:fly_one_cm":330930,"minecraft:play_time":136950,"minecraft:crouch_one_cm":24080,"minecraft:sneak_time":11779,"minecraft:deaths":15,"minecraft:walk_under_water_one_cm":4975,"minecraft:jump":1337,"minecraft:walk_on_water_one_cm":8174,"minecraft:total_world_time":136950,"minecraft:fall_one_cm":40515,"minecraft:interact_with_smithing_table":2},"minecraft:used":{"minecraft:stone_sword":59,"minecraft:moss_carpet":5,"minecraft:stone_pickaxe":392,"minecraft:oak_planks":156,"minecraft:wooden_pickaxe":21,"minecraft:shield":11,"minecraft:wooden_shovel":15,"minecraft:oak_door":13,"minecraft:torch":8,"minecraft:dirt":26,"minecraft:oak_slab":38,"minecraft:crafting_table":6,"minecraft:red_mushroom":1,"minecraft:tuff":7,"minecraft:mud":8,"minecraft:oak_log":1,"minecraft:apple":1,"minecraft:iron_pickaxe":112,"minecraft:gravel":1,"minecraft:stone_axe":146,"minecraft:cobblestone":69,"minecraft:mangrove_roots":2,"minecraft:furnace":6,"minecraft:andesite":10,"minecraft:cobbled_deepslate":79},"minecraft:broken":{"minecraft:stone_pickaxe":3},"minecraft:killed_by":{"mobcatalog:stonemaw":1,"minecraft:player":4,"minecraft:skeleton":3,"minecraft:creeper":1,"minecraft:zombie":1,"mobs_of_mythology:kobold_warrior":2,"mobs_of_mythology:kobold":1}},"DataVersion":3465}