{"stats":{"minecraft:picked_up":{"minecraft:raw_iron":6,"minecraft:stick":3,"minecraft:crafting_table":2,"minecraft:oak_door":1,"minecraft:wooden_pickaxe":1,"minecraft:dirt":8,"minecraft:moss_carpet":1,"minecraft:mangrove_roots":6,"wilderwild:cattail":1,"minecraft:coal":10,"minecraft:oak_planks":5,"minecraft:mangrove_propagule":2,"minecraft:mangrove_log":9,"iceandfire:raw_silver":1,"minecraft:cobblestone":42,"minecraft:furnace":1},"minecraft:killed":{"minecraft:player":1},"minecraft:dropped":{"minecraft:moss_carpet":1,"minecraft:shield":1,"minecraft:mangrove_roots":1,"wilderwild:cattail":1,"minecraft:mangrove_propagule":1,"minecraft:wooden_pickaxe":1,"patchouli:guide_book":1},"minecraft:mined":{"minecraft:furnace":1,"iceandfire:silver_ore":1,"minecraft:iron_ore":6,"minecraft:mangrove_roots":3,"minecraft:mangrove_leaves":7,"minecraft:crafting_table":3,"minecraft:coal_ore":10,"minecraft:mangrove_log":9,"minecraft:cobblestone":1,"minecraft:stone":42},"minecraft:crafted":{"minecraft:shield":2,"minecraft:crafting_table":1,"minecraft:stick":4,"minecraft:iron_ingot":6,"minecraft:stone_pickaxe":1,"minecraft:furnace":1,"minecraft:mangrove_planks":36,"minecraft:air":0},"minecraft:custom":{"minecraft:time_since_rest":12383,"minecraft:interact_with_furnace":4,"minecraft:sprint_one_cm":24711,"minecraft:damage_taken":846,"minecraft:walk_one_cm":26543,"minecraft:drop":7,"minecraft:damage_dealt":205,"minecraft:player_kills":1,"minecraft:interact_with_crafting_table":3,"minecraft:fly_one_cm":23355,"minecraft:crouch_one_cm":2841,"minecraft:play_time":26325,"minecraft:deaths":3,"minecraft:sneak_time":1538,"minecraft:jump":144,"minecraft:leave_game":2,"minecraft:time_since_death":12174,"minecraft:climb_one_cm":578,"minecraft:total_world_time":26325,"minecraft:fall_one_cm":3429},"minecraft:used":{"minecraft:mangrove_propagule":1,"minecraft:stone_pickaxe":50,"minecraft:wooden_pickaxe":11,"minecraft:dirt":8,"minecraft:cobblestone":3,"minecraft:crafting_table":2,"minecraft:furnace":1},"minecraft:killed_by":{"minecraft:player":1,"minecraft:zombie":1,"mobs_of_mythology:kobold_warrior":1}},"DataVersion":3465}