{"stats":{"minecraft:used":{"minecraft:moss_block":11,"minecraft:water_bucket":33,"minecraft:stone_pickaxe":143,"minecraft:mangrove_planks":13,"minecraft:wooden_pickaxe":11,"minecraft:shield":8,"minecraft:iron_sword":58,"minecraft:rotten_flesh":1,"minecraft:oak_door":1,"minecraft:torch":74,"minecraft:glow_berries":35,"minecraft:dirt":8,"minecraft:crafting_table":8,"minecraft:mushroom_stew":1,"minecraft:cake":2,"minecraft:tuff":37,"minecraft:axolotl_bucket":11,"mobs_of_mythology:kobold_spear":39,"minecraft:diamond_pickaxe":230,"minecraft:lava_bucket":81,"minecraft:mangrove_propagule":1,"minecraft:iron_axe":7,"minecraft:iron_pickaxe":250,"minecraft:iron_helmet":2,"minecraft:gravel":7,"minecraft:rabbit_stew":1,"minecraft:cobblestone":37,"minecraft:mangrove_roots":6,"minecraft:furnace":6,"minecraft:bucket":126,"minecraft:andesite":9,"minecraft:cobbled_deepslate":303,"minecraft:iron_leggings":1},"minecraft:crafted":{"minecraft:crafting_table":1,"minecraft:iron_helmet":1,"minecraft:iron_sword":1,"minecraft:furnace":2,"minecraft:mangrove_planks":36,"minecraft:bucket":1,"minecraft:air":0,"minecraft:iron_boots":1,"minecraft:iron_chestplate":1,"minecraft:diamond_pickaxe":1,"minecraft:shield":2,"minecraft:iron_axe":1,"minecraft:stick":24,"minecraft:iron_ingot":37,"minecraft:iron_pickaxe":1,"minecraft:stone_pickaxe":3,"minecraft:iron_leggings":1,"minecraft:torch":56},"minecraft:dropped":{"minecraft:iron_sword":1,"iceandfire:raw_silver":1,"minecraft:moss_carpet":7,"minecraft:moss_block":1,"minecraft:wheat_seeds":3,"minecraft:mangrove_roots":1,"minecraft:cobbled_deepslate":89,"minecraft:bowl":2,"minecraft:mangrove_propagule":1,"universal_graves:grave_compass":1,"mobs_of_mythology:kobold_spear":2,"patchouli:guide_book":1,"minecraft:shield":1,"wilderwild:cattail":1,"minecraft:azalea":5,"minecraft:flowering_azalea":1,"minecraft:wooden_pickaxe":1,"minecraft:stone_pickaxe":3,"minecraft:string":3},"minecraft:killed_by":{"minecraft:player":2,"minecraft:zombie":1,"mobs_of_mythology:kobold_warrior":3},"minecraft:broken":{"minecraft:iron_pickaxe":1},"minecraft:killed":{"mobs_of_mythology:kobold":6,"mobcatalog:stonemaw":2,"mobs_of_mythology:kobold_warrior":3,"minecraft:player":6},"minecraft:custom":{"minecraft:interact_with_furnace":39,"minecraft:mob_kills":13,"minecraft:interact_with_cartography_table":2,"minecraft:interact_with_crafting_table":19,"minecraft:open_barrel":13,"minecraft:eat_cake_slice":4,"minecraft:leave_game":3,"minecraft:time_since_death":6252,"minecraft:climb_one_cm":1622,"minecraft:time_since_rest":6277,"minecraft:sprint_one_cm":215825,"minecraft:damage_taken":2930,"minecraft:walk_one_cm":185402,"minecraft:damage_blocked_by_shield":691,"minecraft:drop":32,"minecraft:damage_dealt":4111,"minecraft:swim_one_cm":36128,"minecraft:player_kills":8,"minecraft:fly_one_cm":162237,"minecraft:open_chest":6,"minecraft:crouch_one_cm":47864,"minecraft:play_time":120128,"minecraft:deaths":9,"minecraft:sneak_time":17835,"minecraft:walk_under_water_one_cm":5967,"minecraft:jump":1477,"minecraft:walk_on_water_one_cm":27366,"minecraft:total_world_time":120128,"minecraft:fall_one_cm":35110},"minecraft:picked_up":{"minecraft:crafting_table":8,"minecraft:clay_ball":4,"minecraft:andesite":9,"minecraft:wooden_pickaxe":1,"mobs_of_mythology:kobold_spear":5,"minecraft:flint":1,"minecraft:tuff":44,"minecraft:string":6,"minecraft:moss_carpet":7,"minecraft:dirt":8,"minecraft:wheat_seeds":3,"minecraft:cobbled_deepslate":466,"minecraft:raw_gold":36,"minecraft:azalea":5,"minecraft:flowering_azalea":1,"minecraft:moss_block":13,"minecraft:iron_sword":3,"minecraft:oak_planks":5,"minecraft:mangrove_log":9,"minecraft:furnace":6,"minecraft:stick":3,"minecraft:raw_iron":64,"minecraft:oak_door":1,"minecraft:torch":21,"minecraft:gravel":9,"minecraft:cookie":5,"minecraft:redstone":5,"minecraft:rotten_flesh":1,"minecraft:diamond":32,"minecraft:mangrove_roots":7,"minecraft:emerald":11,"wilderwild:cattail":1,"minecraft:glow_berries":37,"minecraft:mangrove_propagule":2,"minecraft:coal":67,"iceandfire:raw_silver":1,"minecraft:cobblestone":59},"minecraft:mined":{"minecraft:deepslate_redstone_ore":1,"minecraft:diamond_ore":1,"minecraft:tuff":29,"iceandfire:silver_ore":1,"minecraft:deepslate_diamond_ore":31,"minecraft:mangrove_roots":3,"minecraft:crafting_table":9,"minecraft:torch":9,"minecraft:cave_vines_plant":26,"minecraft:tall_grass":9,"minecraft:cobblestone":6,"minecraft:deepslate_gold_ore":36,"minecraft:moss_block":9,"minecraft:wall_torch":10,"minecraft:furnace":6,"minecraft:fire":1,"minecraft:iron_ore":32,"minecraft:cobbled_deepslate":31,"minecraft:andesite":9,"minecraft:big_dripleaf_stem":1,"minecraft:mangrove_leaves":7,"minecraft:grass":6,"minecraft:coal_ore":30,"minecraft:cave_vines":72,"minecraft:deepslate_iron_ore":32,"minecraft:gravel":9,"minecraft:dirt":1,"minecraft:cobweb":4,"minecraft:mangrove_log":9,"minecraft:azalea":6,"minecraft:stone":54,"minecraft:small_dripleaf":1,"minecraft:deepslate":323}},"DataVersion":3465}