{"stats":{"minecraft:used":{"minecraft:moss_block":12,"aquamirae:sea_stew":2,"minecraft:spruce_slab":8,"minecraft:spruce_planks":6,"minecraft:shield":11,"minecraft:iron_sword":269,"minecraft:cooked_salmon":33,"minecraft:rotten_flesh":1,"minecraft:oak_door":1,"minecraft:torch":80,"minecraft:dirt":8,"minecraft:spruce_stairs":3,"minecraft:tuff":44,"minecraft:axolotl_bucket":16,"mobs_of_mythology:kobold_spear":211,"minecraft:lava_bucket":81,"minecraft:iron_axe":46,"minecraft:iron_helmet":2,"minecraft:dark_oak_slab":6,"simplyswords:arcanethyst":2,"minecraft:rabbit_stew":1,"minecraft:bow":30,"minecraft:hay_block":1,"minecraft:mangrove_roots":6,"minecraft:furnace":8,"minecraft:cooked_cod":1,"minecraft:cobbled_deepslate":303,"minecraft:iron_leggings":1,"minecraft:dark_oak_stairs":1,"minecraft:water_bucket":39,"minecraft:stone_pickaxe":143,"minecraft:oak_planks":1,"minecraft:mangrove_planks":13,"minecraft:ender_pearl":5,"minecraft:wooden_pickaxe":11,"minecraft:diamond_axe":19,"minecraft:cookie":5,"minecraft:glow_berries":35,"minecraft:oak_slab":8,"minecraft:crafting_table":10,"minecraft:mushroom_stew":1,"paladins:iron_mace":23,"paladins:iron_kite_shield":5,"minecraft:cake":2,"minecraft:oak_log":6,"minecraft:diamond_pickaxe":239,"minecraft:black_wool":2,"minecraft:apple":2,"minecraft:mangrove_propagule":1,"minecraft:bread":30,"minecraft:iron_pickaxe":250,"minecraft:gravel":9,"minecraft:coal_block":2,"minecraft:wooden_sword":4,"minecraft:cobblestone":37,"paladins:diamond_kite_shield":79,"minecraft:andesite":9,"minecraft:bucket":137,"minecraft:cobweb":7},"minecraft:crafted":{"minecraft:wooden_sword":1,"minecraft:oak_planks":12,"minecraft:furnace":2,"minecraft:bow":1,"minecraft:iron_boots":2,"minecraft:iron_axe":1,"minecraft:spruce_slab":6,"minecraft:stone_pickaxe":3,"minecraft:wheat":81,"minecraft:oak_slab":12,"minecraft:crafting_table":2,"minecraft:iron_helmet":1,"minecraft:iron_sword":1,"minecraft:mangrove_planks":36,"minecraft:bucket":1,"minecraft:bread":27,"minecraft:air":0,"minecraft:iron_chestplate":1,"minecraft:diamond_pickaxe":1,"minecraft:shield":2,"minecraft:stick":36,"minecraft:iron_pickaxe":1,"minecraft:iron_ingot":37,"minecraft:iron_leggings":2,"minecraft:torch":56},"minecraft:dropped":{"minecraft:enchanted_book":1,"minecraft:iron_sword":2,"iceandfire:raw_silver":1,"minecraft:oak_slab":4,"minecraft:moss_block":1,"minecraft:wheat_seeds":3,"minecraft:oak_log":2,"minecraft:ender_pearl":1,"minecraft:dark_oak_slab":16,"minecraft:iron_helmet":5,"minecraft:mangrove_propagule":1,"mobs_of_mythology:kobold_spear":2,"minecraft:spruce_stairs":1,"paladins:iron_kite_shield":1,"minecraft:coal_block":2,"minecraft:item_frame":11,"minecraft:stick":11,"mcda:teleportation_robe_helmet":2,"minecraft:wooden_sword":1,"minecraft:flowering_azalea":1,"minecraft:white_banner":1,"minecraft:string":3,"minecraft:dark_oak_planks":1,"simplyswords:iron_sai":2,"minecraft:redstone":7,"minecraft:gold_ingot":2,"minecraft:bone":6,"minecraft:stone_axe":1,"minecraft:moss_carpet":7,"minecraft:mangrove_roots":1,"minecraft:oak_trapdoor":1,"minecraft:cobbled_deepslate":89,"minecraft:raw_copper":2,"minecraft:bowl":5,"minecraft:wheat":4,"simplyswords:arcanethyst":1,"universal_graves:grave_compass":4,"minecraft:oak_planks":4,"minecraft:flint_and_steel":3,"minecraft:eye_armor_trim_smithing_template":2,"patchouli:guide_book":1,"minecraft:shield":3,"aquamirae:fin":2,"minecraft:gunpowder":12,"minecraft:spruce_planks":4,"minecraft:diamond_pickaxe":1,"minecraft:iron_chestplate":4,"wilderwild:cattail":1,"minecraft:ladder":1,"minecraft:leather_boots":4,"minecraft:azalea":5,"minecraft:spruce_wood":8,"minecraft:barrel":4,"minecraft:slime_ball":3,"minecraft:spruce_slab":6,"minecraft:iron_bars":6,"minecraft:stone_pickaxe":3,"minecraft:wooden_pickaxe":1,"aquamirae:sharp_bones":1},"minecraft:killed_by":{"minecraft:player":5,"mobs_of_mythology:kobold_warrior":3,"minecraft:vindicator":2,"aquamirae:captain_cornelia":10,"minecraft:zombie":1},"minecraft:broken":{"paladins:diamond_kite_shield":1,"minecraft:iron_boots":1,"minecraft:iron_leggings":1,"minecraft:iron_sword":1,"minecraft:iron_pickaxe":1},"minecraft:killed":{"minecraft:vindicator":3,"mobcatalog:stonemaw":2,"minecraft:skeleton":22,"minecraft:silverfish":7,"wildlife:lark":1,"mobs_of_mythology:kobold":8,"minecraft:pillager":1,"mobs_of_mythology:kobold_warrior":4,"minecraft:player":8},"minecraft:custom":{"minecraft:mob_kills":52,"minecraft:interact_with_crafting_table":31,"minecraft:open_barrel":73,"minecraft:eat_cake_slice":4,"minecraft:leave_game":3,"minecraft:time_since_death":8125,"minecraft:climb_one_cm":3020,"minecraft:sprint_one_cm":373777,"minecraft:walk_one_cm":396488,"minecraft:damage_blocked_by_shield":6757,"minecraft:drop":118,"minecraft:talked_to_villager":3,"minecraft:play_time":198128,"minecraft:deaths":25,"minecraft:sneak_time":24213,"minecraft:walk_under_water_one_cm":12522,"minecraft:jump":2550,"minecraft:walk_on_water_one_cm":43550,"minecraft:total_world_time":198128,"minecraft:interact_with_furnace":43,"minecraft:interact_with_cartography_table":2,"minecraft:sleep_in_bed":1,"minecraft:time_since_rest":8153,"minecraft:damage_taken":11714,"minecraft:damage_dealt":18905,"minecraft:swim_one_cm":79370,"minecraft:fly_one_cm":557620,"minecraft:player_kills":10,"minecraft:open_chest":48,"minecraft:crouch_one_cm":63930,"minecraft:fall_one_cm":52439},"minecraft:picked_up":{"minecraft:iron_chestplate":3,"minecraft:wheat":3,"minecraft:crafting_table":8,"minecraft:ladder":1,"minecraft:clay_ball":4,"simplyswords:iron_sai":2,"minecraft:wooden_pickaxe":1,"mobs_of_mythology:kobold_spear":5,"minecraft:shield":2,"mcda:teleportation_robe_helmet":1,"minecraft:oak_trapdoor":1,"minecraft:string":10,"minecraft:moss_carpet":7,"minecraft:iron_axe":1,"minecraft:cooked_salmon":33,"minecraft:flint_and_steel":3,"minecraft:item_frame":11,"universal_graves:grave_compass":2,"minecraft:cobbled_deepslate":466,"minecraft:spruce_planks":16,"minecraft:eye_armor_trim_smithing_template":1,"minecraft:azalea":5,"minecraft:spruce_slab":8,"minecraft:coal_block":4,"minecraft:mangrove_log":9,"minecraft:furnace":6,"minecraft:stick":11,"minecraft:raw_iron":64,"minecraft:oak_door":1,"aquamirae:shell_horn":1,"minecraft:torch":27,"minecraft:bowl":1,"minecraft:spruce_stairs":5,"simplyswords:arcanethyst":1,"minecraft:cookie":5,"minecraft:redstone":7,"minecraft:dark_oak_planks":10,"minecraft:cooked_cod":4,"minecraft:arrow":25,"minecraft:rotten_flesh":1,"minecraft:hay_block":10,"minecraft:mangrove_roots":7,"minecraft:glow_berries":37,"minecraft:iron_bars":6,"minecraft:skeleton_skull":3,"minecraft:cobblestone":59,"minecraft:andesite":9,"minecraft:flint":1,"minecraft:tuff":44,"minecraft:oak_log":11,"paladins:diamond_kite_shield":1,"minecraft:gunpowder":12,"minecraft:dirt":8,"minecraft:white_banner":1,"aquamirae:fin":3,"minecraft:leather_boots":3,"minecraft:bone":22,"minecraft:wheat_seeds":3,"minecraft:spruce_wood":8,"minecraft:raw_gold":36,"minecraft:cobweb":7,"minecraft:oak_planks":8,"minecraft:moss_block":13,"minecraft:iron_sword":4,"minecraft:flowering_azalea":1,"minecraft:dark_oak_stairs":1,"minecraft:dark_oak_slab":22,"minecraft:gravel":9,"minecraft:barrel":4,"minecraft:slime_ball":3,"minecraft:diamond":32,"minecraft:stone_axe":1,"minecraft:diamond_axe":1,"minecraft:iron_helmet":3,"paladins:iron_mace":1,"minecraft:bread":3,"minecraft:emerald":22,"wilderwild:cattail":1,"minecraft:black_wool":2,"minecraft:coal":67,"minecraft:mangrove_propagule":2,"iceandfire:raw_silver":1,"minecraft:ender_pearl":6},"minecraft:mined":{"minecraft:dark_oak_planks":9,"minecraft:diamond_ore":1,"minecraft:tuff":29,"minecraft:spruce_planks":15,"iceandfire:silver_ore":1,"minecraft:deepslate_diamond_ore":31,"minecraft:mangrove_roots":3,"minecraft:cave_vines_plant":26,"minecraft:moss_block":9,"minecraft:spawner":1,"minecraft:hay_block":10,"minecraft:oak_trapdoor":1,"minecraft:furnace":8,"minecraft:iron_ore":32,"minecraft:cobbled_deepslate":31,"minecraft:fire":1,"minecraft:andesite":9,"minecraft:dark_oak_stairs":2,"minecraft:big_dripleaf_stem":1,"minecraft:cave_vines":72,"minecraft:deepslate_iron_ore":32,"minecraft:iron_bars":6,"minecraft:packed_ice":16,"minecraft:azalea":6,"minecraft:stone":54,"minecraft:spruce_slab":12,"minecraft:deepslate_redstone_ore":1,"minecraft:crafting_table":10,"minecraft:torch":10,"minecraft:tall_grass":9,"minecraft:cobblestone":6,"minecraft:deepslate_gold_ore":36,"minecraft:oak_planks":1,"minecraft:wall_torch":10,"minecraft:mangrove_leaves":7,"minecraft:black_wool":2,"minecraft:grass":6,"minecraft:oak_log":10,"minecraft:coal_ore":30,"minecraft:dirt":1,"minecraft:gravel":9,"minecraft:cobweb":8,"minecraft:mangrove_log":9,"minecraft:small_dripleaf":1,"minecraft:deepslate":323}},"DataVersion":3465}