{"stats":{"minecraft:picked_up":{"minecraft:oak_door":1,"wilderwild:cattail":1,"minecraft:oak_planks":5,"minecraft:dirt":8},"minecraft:killed":{"minecraft:player":1},"minecraft:dropped":{"wilderwild:cattail":1},"minecraft:mined":{"minecraft:mangrove_leaves":2},"minecraft:custom":{"minecraft:time_since_rest":1380,"minecraft:crouch_one_cm":13,"minecraft:play_time":15322,"minecraft:sprint_one_cm":12149,"minecraft:walk_one_cm":14111,"minecraft:damage_taken":816,"minecraft:deaths":3,"minecraft:sneak_time":56,"minecraft:drop":1,"minecraft:jump":78,"minecraft:damage_dealt":135,"minecraft:leave_game":1,"minecraft:time_since_death":1171,"minecraft:total_world_time":15322,"minecraft:climb_one_cm":275,"minecraft:fall_one_cm":2070,"minecraft:fly_one_cm":16199,"minecraft:player_kills":1},"minecraft:killed_by":{"minecraft:zombie":1,"minecraft:player":1,"mobs_of_mythology:kobold_warrior":1}},"DataVersion":3465}