{"stats":{"minecraft:killed":{"mobcatalog:stonemaw":1,"minecraft:player":3},"minecraft:killed_by":{"minecraft:player":2,"minecraft:zombie":1,"mobs_of_mythology:kobold_warrior":1},"minecraft:mined":{"minecraft:deepslate_redstone_ore":1,"minecraft:diamond_ore":1,"minecraft:tuff":10,"iceandfire:silver_ore":1,"minecraft:deepslate_diamond_ore":22,"minecraft:mangrove_roots":3,"minecraft:crafting_table":7,"minecraft:torch":9,"minecraft:cave_vines_plant":7,"minecraft:tall_grass":8,"minecraft:cobblestone":3,"minecraft:deepslate_gold_ore":20,"minecraft:moss_block":1,"minecraft:wall_torch":10,"minecraft:furnace":5,"minecraft:iron_ore":32,"minecraft:cobbled_deepslate":6,"minecraft:andesite":9,"minecraft:mangrove_leaves":7,"minecraft:grass":3,"minecraft:coal_ore":30,"minecraft:cave_vines":18,"minecraft:deepslate_iron_ore":28,"minecraft:gravel":7,"minecraft:dirt":1,"minecraft:mangrove_log":9,"minecraft:azalea":2,"minecraft:stone":54,"minecraft:deepslate":240},"minecraft:used":{"minecraft:stone_pickaxe":143,"minecraft:shield":1,"minecraft:wooden_pickaxe":11,"minecraft:iron_sword":16,"minecraft:rotten_flesh":1,"minecraft:oak_door":1,"minecraft:torch":71,"minecraft:glow_berries":10,"minecraft:dirt":8,"minecraft:crafting_table":6,"minecraft:diamond_pickaxe":65,"minecraft:iron_axe":5,"minecraft:mangrove_propagule":1,"minecraft:iron_pickaxe":250,"minecraft:iron_helmet":1,"minecraft:gravel":1,"minecraft:cobblestone":35,"minecraft:mangrove_roots":6,"minecraft:furnace":5,"minecraft:andesite":9,"minecraft:cobbled_deepslate":215,"minecraft:iron_leggings":1},"minecraft:crafted":{"minecraft:crafting_table":1,"minecraft:iron_helmet":1,"minecraft:iron_sword":1,"minecraft:furnace":2,"minecraft:mangrove_planks":36,"minecraft:air":0,"minecraft:iron_boots":1,"minecraft:iron_chestplate":1,"minecraft:diamond_pickaxe":1,"minecraft:shield":2,"minecraft:iron_axe":1,"minecraft:stick":24,"minecraft:iron_pickaxe":1,"minecraft:iron_ingot":35,"minecraft:stone_pickaxe":3,"minecraft:iron_leggings":1,"minecraft:torch":56},"minecraft:picked_up":{"minecraft:crafting_table":6,"minecraft:clay_ball":4,"minecraft:andesite":9,"minecraft:wooden_pickaxe":1,"minecraft:flint":1,"minecraft:tuff":10,"minecraft:dirt":8,"minecraft:moss_carpet":1,"minecraft:cobbled_deepslate":377,"minecraft:raw_gold":20,"minecraft:azalea":2,"minecraft:moss_block":1,"minecraft:oak_planks":5,"minecraft:mangrove_log":9,"minecraft:furnace":5,"minecraft:stick":3,"minecraft:raw_iron":60,"minecraft:oak_door":1,"minecraft:torch":21,"minecraft:gravel":7,"minecraft:redstone":5,"minecraft:rotten_flesh":1,"minecraft:diamond":23,"minecraft:mangrove_roots":7,"wilderwild:cattail":1,"minecraft:glow_berries":10,"minecraft:coal":67,"minecraft:mangrove_propagule":2,"iceandfire:raw_silver":1,"minecraft:cobblestone":57},"minecraft:broken":{"minecraft:iron_pickaxe":1},"minecraft:dropped":{"iceandfire:raw_silver":1,"minecraft:moss_carpet":1,"minecraft:moss_block":1,"minecraft:mangrove_roots":1,"minecraft:mangrove_propagule":1,"patchouli:guide_book":1,"minecraft:shield":1,"wilderwild:cattail":1,"minecraft:azalea":2,"minecraft:stone_pickaxe":3,"minecraft:wooden_pickaxe":1},"minecraft:custom":{"minecraft:interact_with_furnace":35,"minecraft:mob_kills":1,"minecraft:interact_with_crafting_table":17,"minecraft:leave_game":3,"minecraft:time_since_death":6236,"minecraft:climb_one_cm":1504,"minecraft:time_since_rest":6264,"minecraft:sprint_one_cm":95238,"minecraft:damage_taken":1510,"minecraft:walk_one_cm":112991,"minecraft:damage_blocked_by_shield":30,"minecraft:drop":14,"minecraft:damage_dealt":1058,"minecraft:swim_one_cm":572,"minecraft:fly_one_cm":79226,"minecraft:player_kills":4,"minecraft:crouch_one_cm":25143,"minecraft:play_time":76730,"minecraft:deaths":5,"minecraft:sneak_time":8681,"minecraft:walk_under_water_one_cm":45,"minecraft:jump":787,"minecraft:walk_on_water_one_cm":2706,"minecraft:total_world_time":76730,"minecraft:fall_one_cm":20528}},"DataVersion":3465}