{"stats":{"minecraft:used":{"minecraft:moss_block":12,"aquamirae:sea_stew":1,"minecraft:shield":11,"minecraft:iron_sword":74,"minecraft:rotten_flesh":1,"minecraft:oak_door":1,"minecraft:torch":74,"minecraft:dirt":8,"minecraft:tuff":44,"minecraft:axolotl_bucket":13,"mobs_of_mythology:kobold_spear":61,"minecraft:lava_bucket":81,"minecraft:iron_axe":10,"minecraft:iron_helmet":2,"simplyswords:arcanethyst":2,"minecraft:rabbit_stew":1,"minecraft:hay_block":1,"minecraft:mangrove_roots":6,"minecraft:furnace":6,"minecraft:cobbled_deepslate":303,"minecraft:iron_leggings":1,"minecraft:water_bucket":36,"minecraft:stone_pickaxe":143,"minecraft:mangrove_planks":13,"minecraft:wooden_pickaxe":11,"minecraft:cookie":5,"minecraft:glow_berries":35,"minecraft:crafting_table":9,"minecraft:mushroom_stew":1,"paladins:iron_mace":1,"minecraft:cake":2,"minecraft:diamond_pickaxe":238,"minecraft:mangrove_propagule":1,"minecraft:bread":5,"minecraft:iron_pickaxe":250,"minecraft:gravel":9,"minecraft:wooden_sword":4,"minecraft:cobblestone":37,"paladins:diamond_kite_shield":15,"minecraft:andesite":9,"minecraft:bucket":131},"minecraft:crafted":{"minecraft:wooden_sword":1,"minecraft:furnace":2,"minecraft:iron_boots":1,"minecraft:iron_axe":1,"minecraft:stone_pickaxe":3,"minecraft:wheat":81,"minecraft:crafting_table":2,"minecraft:iron_helmet":1,"minecraft:iron_sword":1,"minecraft:mangrove_planks":36,"minecraft:bucket":1,"minecraft:bread":27,"minecraft:air":0,"minecraft:iron_chestplate":1,"minecraft:diamond_pickaxe":1,"minecraft:shield":2,"minecraft:stick":28,"minecraft:iron_pickaxe":1,"minecraft:iron_ingot":37,"minecraft:iron_leggings":1,"minecraft:torch":56},"minecraft:dropped":{"minecraft:enchanted_book":1,"minecraft:iron_sword":1,"iceandfire:raw_silver":1,"minecraft:moss_block":1,"minecraft:wheat_seeds":3,"minecraft:iron_helmet":4,"minecraft:mangrove_propagule":1,"mobs_of_mythology:kobold_spear":2,"minecraft:item_frame":11,"minecraft:stick":6,"mcda:teleportation_robe_helmet":1,"minecraft:wooden_sword":1,"minecraft:flowering_azalea":1,"minecraft:white_banner":1,"minecraft:string":3,"minecraft:dark_oak_planks":1,"simplyswords:iron_sai":2,"minecraft:moss_carpet":7,"minecraft:mangrove_roots":1,"minecraft:cobbled_deepslate":89,"minecraft:raw_copper":2,"minecraft:bowl":4,"minecraft:wheat":4,"simplyswords:arcanethyst":1,"universal_graves:grave_compass":2,"minecraft:eye_armor_trim_smithing_template":2,"patchouli:guide_book":1,"minecraft:shield":2,"minecraft:diamond_pickaxe":1,"minecraft:iron_chestplate":3,"wilderwild:cattail":1,"minecraft:leather_boots":4,"minecraft:azalea":5,"minecraft:iron_bars":6,"minecraft:stone_pickaxe":3,"minecraft:wooden_pickaxe":1,"aquamirae:sharp_bones":1},"minecraft:killed_by":{"minecraft:player":4,"mobs_of_mythology:kobold_warrior":3,"minecraft:vindicator":2,"minecraft:zombie":1},"minecraft:broken":{"minecraft:iron_sword":1,"minecraft:iron_pickaxe":1},"minecraft:killed":{"minecraft:vindicator":3,"mobcatalog:stonemaw":2,"minecraft:skeleton":4,"wildlife:lark":1,"mobs_of_mythology:kobold":6,"minecraft:pillager":1,"mobs_of_mythology:kobold_warrior":3,"minecraft:player":8},"minecraft:custom":{"minecraft:mob_kills":22,"minecraft:interact_with_crafting_table":21,"minecraft:open_barrel":67,"minecraft:eat_cake_slice":4,"minecraft:leave_game":3,"minecraft:time_since_death":14177,"minecraft:climb_one_cm":1622,"minecraft:sprint_one_cm":270537,"minecraft:walk_one_cm":230808,"minecraft:damage_blocked_by_shield":2536,"minecraft:drop":69,"minecraft:talked_to_villager":3,"minecraft:play_time":144128,"minecraft:deaths":14,"minecraft:sneak_time":19169,"minecraft:walk_under_water_one_cm":6891,"minecraft:jump":1818,"minecraft:walk_on_water_one_cm":30698,"minecraft:total_world_time":144128,"minecraft:interact_with_furnace":41,"minecraft:interact_with_cartography_table":2,"minecraft:time_since_rest":14216,"minecraft:damage_taken":4618,"minecraft:damage_dealt":6879,"minecraft:swim_one_cm":51236,"minecraft:fly_one_cm":222223,"minecraft:player_kills":10,"minecraft:open_chest":34,"minecraft:crouch_one_cm":52719,"minecraft:fall_one_cm":41923},"minecraft:picked_up":{"minecraft:iron_chestplate":2,"minecraft:wheat":3,"minecraft:crafting_table":8,"minecraft:clay_ball":4,"simplyswords:iron_sai":2,"minecraft:wooden_pickaxe":1,"mobs_of_mythology:kobold_spear":5,"minecraft:shield":1,"mcda:teleportation_robe_helmet":1,"minecraft:string":6,"minecraft:moss_carpet":7,"minecraft:iron_axe":1,"minecraft:item_frame":11,"universal_graves:grave_compass":1,"minecraft:cobbled_deepslate":466,"minecraft:spruce_planks":2,"minecraft:eye_armor_trim_smithing_template":1,"minecraft:azalea":5,"minecraft:mangrove_log":9,"minecraft:furnace":6,"minecraft:stick":6,"minecraft:raw_iron":64,"minecraft:oak_door":1,"aquamirae:shell_horn":1,"minecraft:torch":21,"minecraft:bowl":1,"simplyswords:arcanethyst":1,"minecraft:cookie":5,"minecraft:redstone":5,"minecraft:dark_oak_planks":10,"minecraft:arrow":3,"minecraft:rotten_flesh":1,"minecraft:hay_block":10,"minecraft:mangrove_roots":7,"minecraft:glow_berries":37,"minecraft:iron_bars":6,"minecraft:cobblestone":59,"minecraft:andesite":9,"minecraft:flint":1,"minecraft:tuff":44,"paladins:diamond_kite_shield":1,"minecraft:dirt":8,"minecraft:white_banner":1,"minecraft:leather_boots":3,"minecraft:bone":2,"minecraft:wheat_seeds":3,"minecraft:raw_gold":36,"minecraft:oak_planks":5,"minecraft:moss_block":13,"minecraft:iron_sword":3,"minecraft:flowering_azalea":1,"minecraft:gravel":9,"minecraft:diamond":32,"minecraft:iron_helmet":2,"minecraft:emerald":19,"wilderwild:cattail":1,"minecraft:coal":67,"minecraft:mangrove_propagule":2,"iceandfire:raw_silver":1},"minecraft:mined":{"minecraft:dark_oak_planks":8,"minecraft:diamond_ore":1,"minecraft:tuff":29,"minecraft:spruce_planks":1,"iceandfire:silver_ore":1,"minecraft:deepslate_diamond_ore":31,"minecraft:mangrove_roots":3,"minecraft:cave_vines_plant":26,"minecraft:moss_block":9,"minecraft:hay_block":10,"minecraft:furnace":8,"minecraft:iron_ore":32,"minecraft:cobbled_deepslate":31,"minecraft:fire":1,"minecraft:andesite":9,"minecraft:big_dripleaf_stem":1,"minecraft:cave_vines":72,"minecraft:deepslate_iron_ore":32,"minecraft:iron_bars":6,"minecraft:azalea":6,"minecraft:stone":54,"minecraft:deepslate_redstone_ore":1,"minecraft:crafting_table":10,"minecraft:torch":9,"minecraft:tall_grass":9,"minecraft:cobblestone":6,"minecraft:deepslate_gold_ore":36,"minecraft:wall_torch":10,"minecraft:mangrove_leaves":7,"minecraft:grass":6,"minecraft:coal_ore":30,"minecraft:dirt":1,"minecraft:gravel":9,"minecraft:cobweb":4,"minecraft:mangrove_log":9,"minecraft:small_dripleaf":1,"minecraft:deepslate":323}},"DataVersion":3465}