{"stats":{"minecraft:used":{"minecraft:moss_block":12,"aquamirae:sea_stew":2,"minecraft:spruce_slab":8,"minecraft:spruce_planks":14,"minecraft:shield":11,"minecraft:iron_sword":337,"minecraft:cooked_salmon":33,"minecraft:rotten_flesh":1,"minecraft:oak_door":1,"minecraft:torch":89,"minecraft:dirt":8,"minecraft:spruce_stairs":3,"minecraft:tuff":44,"minecraft:snowball":12,"minecraft:axolotl_bucket":18,"mobs_of_mythology:kobold_spear":211,"minecraft:lava_bucket":81,"minecraft:iron_axe":81,"minecraft:iron_helmet":2,"minecraft:dark_oak_slab":6,"aquamirae:fin":6,"simplyswords:arcanethyst":2,"minecraft:rabbit_stew":1,"minecraft:bow":30,"minecraft:hay_block":1,"minecraft:mangrove_roots":6,"paladins:priest_robe_legs":2,"minecraft:furnace":8,"minecraft:cooked_cod":4,"minecraft:cobbled_deepslate":303,"minecraft:iron_leggings":2,"minecraft:dark_oak_stairs":2,"minecraft:water_bucket":40,"minecraft:stone_pickaxe":143,"minecraft:oak_planks":1,"minecraft:mangrove_planks":13,"minecraft:ender_pearl":5,"minecraft:wooden_pickaxe":11,"minecraft:diamond_axe":31,"minecraft:salmon":2,"minecraft:cookie":5,"minecraft:golden_apple":1,"minecraft:glow_berries":35,"minecraft:oak_slab":8,"minecraft:crafting_table":11,"minecraft:mushroom_stew":1,"paladins:iron_mace":42,"minecraft:cod":1,"paladins:iron_kite_shield":20,"minecraft:cake":2,"minecraft:oak_log":6,"minecraft:diamond_pickaxe":239,"minecraft:black_wool":2,"minecraft:apple":9,"minecraft:mangrove_propagule":1,"minecraft:bread":32,"minecraft:iron_pickaxe":250,"minecraft:gravel":9,"minecraft:coal_block":2,"minecraft:wooden_sword":4,"minecraft:cobblestone":37,"paladins:diamond_kite_shield":79,"minecraft:andesite":9,"minecraft:bucket":140,"minecraft:cobweb":7},"minecraft:crafted":{"minecraft:wooden_sword":1,"minecraft:oak_planks":12,"minecraft:furnace":2,"minecraft:bow":1,"minecraft:iron_boots":2,"minecraft:iron_axe":1,"minecraft:spruce_slab":6,"minecraft:stone_pickaxe":3,"minecraft:wheat":81,"minecraft:oak_slab":12,"minecraft:crafting_table":3,"minecraft:iron_helmet":1,"minecraft:iron_sword":1,"minecraft:mangrove_planks":36,"minecraft:bucket":1,"minecraft:bread":27,"minecraft:air":0,"minecraft:iron_chestplate":1,"minecraft:diamond_pickaxe":1,"minecraft:shield":2,"minecraft:stick":36,"minecraft:iron_pickaxe":1,"minecraft:iron_ingot":37,"minecraft:iron_leggings":2,"minecraft:torch":60},"minecraft:dropped":{"minecraft:dark_oak_stairs":1,"minecraft:enchanted_book":1,"minecraft:iron_sword":2,"iceandfire:raw_silver":1,"minecraft:oak_slab":4,"minecraft:moss_block":1,"minecraft:wheat_seeds":3,"minecraft:oak_log":2,"minecraft:tnt":7,"minecraft:ender_pearl":1,"minecraft:dark_oak_slab":16,"minecraft:iron_helmet":5,"minecraft:mangrove_propagule":1,"mobs_of_mythology:kobold_spear":2,"minecraft:spruce_stairs":4,"paladins:iron_kite_shield":1,"minecraft:cod":1,"minecraft:coal_block":2,"minecraft:item_frame":11,"minecraft:stick":18,"mcda:teleportation_robe_helmet":2,"minecraft:snowball":40,"minecraft:iron_axe":2,"minecraft:wooden_sword":1,"minecraft:flowering_azalea":1,"minecraft:white_banner":1,"minecraft:string":8,"minecraft:dark_oak_planks":1,"simplyswords:iron_sai":2,"minecraft:redstone":7,"minecraft:gold_ingot":7,"minecraft:bone":6,"minecraft:stone_axe":1,"minecraft:moss_carpet":7,"minecraft:mangrove_roots":1,"minecraft:oak_trapdoor":1,"minecraft:cobbled_deepslate":89,"minecraft:raw_copper":2,"minecraft:bowl":5,"minecraft:wheat":4,"simplyswords:arcanethyst":1,"universal_graves:grave_compass":5,"minecraft:oak_planks":4,"minecraft:flint_and_steel":3,"minecraft:eye_armor_trim_smithing_template":2,"patchouli:guide_book":1,"minecraft:leather_chestplate":3,"minecraft:shield":3,"aquamirae:fin":4,"minecraft:gunpowder":12,"minecraft:spruce_planks":12,"minecraft:diamond_pickaxe":1,"minecraft:iron_chestplate":4,"wilderwild:cattail":1,"minecraft:ladder":1,"minecraft:leather_boots":7,"minecraft:azalea":5,"minecraft:spruce_wood":8,"minecraft:barrel":8,"minecraft:slime_ball":3,"minecraft:spruce_slab":6,"minecraft:iron_bars":6,"minecraft:stone_pickaxe":3,"minecraft:wooden_pickaxe":1,"aquamirae:sharp_bones":3},"minecraft:killed_by":{"minecraft:evoker":1,"minecraft:player":8,"mobs_of_mythology:kobold_warrior":3,"minecraft:vindicator":2,"aquamirae:captain_cornelia":11,"minecraft:zombie":1,"minecraft:vex":1},"minecraft:broken":{"paladins:diamond_kite_shield":1,"minecraft:iron_boots":1,"minecraft:iron_leggings":1,"paladins:priest_robe_head":1,"minecraft:iron_sword":1,"minecraft:iron_pickaxe":1},"minecraft:killed":{"minecraft:vindicator":6,"mobcatalog:stonemaw":2,"aquamirae:tortured_soul":1,"minecraft:skeleton":22,"minecraft:silverfish":7,"aquamirae:maw":3,"wildlife:lark":1,"mobs_of_mythology:kobold":9,"minecraft:pillager":2,"mobs_of_mythology:kobold_warrior":4,"minecraft:player":8},"minecraft:custom":{"minecraft:mob_kills":62,"minecraft:interact_with_crafting_table":32,"minecraft:open_barrel":133,"minecraft:eat_cake_slice":4,"minecraft:leave_game":3,"minecraft:time_since_death":64,"minecraft:climb_one_cm":3020,"minecraft:sprint_one_cm":402649,"minecraft:walk_one_cm":439939,"minecraft:damage_blocked_by_shield":7637,"minecraft:drop":151,"minecraft:talked_to_villager":3,"minecraft:play_time":222128,"minecraft:deaths":31,"minecraft:sneak_time":26616,"minecraft:walk_under_water_one_cm":21503,"minecraft:jump":2863,"minecraft:walk_on_water_one_cm":77271,"minecraft:total_world_time":222128,"minecraft:interact_with_furnace":44,"minecraft:interact_with_cartography_table":2,"minecraft:sleep_in_bed":1,"minecraft:time_since_rest":90,"minecraft:damage_taken":13805,"minecraft:damage_absorbed":40,"minecraft:damage_dealt":23050,"minecraft:swim_one_cm":96107,"minecraft:fly_one_cm":589880,"minecraft:player_kills":10,"minecraft:open_chest":61,"minecraft:crouch_one_cm":69466,"minecraft:fall_one_cm":56878},"minecraft:picked_up":{"minecraft:iron_chestplate":3,"minecraft:wheat":3,"minecraft:crafting_table":8,"minecraft:ladder":1,"minecraft:clay_ball":4,"simplyswords:iron_sai":2,"minecraft:wooden_pickaxe":1,"mobs_of_mythology:kobold_spear":5,"minecraft:shield":2,"mcda:teleportation_robe_helmet":1,"aquamirae:sharp_bones":2,"minecraft:oak_trapdoor":1,"minecraft:string":14,"minecraft:moss_carpet":7,"minecraft:iron_axe":1,"minecraft:cooked_salmon":33,"minecraft:flint_and_steel":3,"minecraft:item_frame":11,"universal_graves:grave_compass":2,"minecraft:cobbled_deepslate":466,"minecraft:spruce_planks":34,"minecraft:eye_armor_trim_smithing_template":1,"minecraft:azalea":5,"minecraft:spruce_slab":8,"minecraft:coal_block":4,"minecraft:mangrove_log":9,"minecraft:furnace":6,"aquamirae:frozen_key":1,"minecraft:stick":14,"minecraft:raw_iron":64,"minecraft:oak_door":1,"aquamirae:shell_horn":1,"minecraft:torch":32,"minecraft:bowl":1,"minecraft:spruce_stairs":8,"simplyswords:arcanethyst":1,"minecraft:cookie":5,"minecraft:redstone":7,"minecraft:dark_oak_planks":10,"minecraft:cooked_cod":4,"minecraft:arrow":25,"minecraft:rotten_flesh":1,"minecraft:hay_block":10,"minecraft:mangrove_roots":7,"minecraft:cod":1,"minecraft:snowball":52,"minecraft:glow_berries":37,"minecraft:iron_bars":6,"minecraft:skeleton_skull":3,"minecraft:cobblestone":59,"minecraft:leather_chestplate":1,"minecraft:andesite":9,"minecraft:filled_map":1,"aquamirae:three_bolt_helmet":1,"minecraft:flint":1,"minecraft:tuff":44,"minecraft:oak_log":11,"paladins:diamond_kite_shield":1,"minecraft:gunpowder":12,"minecraft:dirt":8,"minecraft:white_banner":1,"aquamirae:fin":8,"minecraft:leather_boots":4,"minecraft:bone":28,"minecraft:apple":7,"minecraft:wheat_seeds":3,"minecraft:spruce_wood":8,"minecraft:raw_gold":36,"minecraft:cobweb":7,"minecraft:oak_planks":10,"minecraft:moss_block":13,"minecraft:iron_sword":4,"minecraft:flowering_azalea":1,"minecraft:dark_oak_stairs":3,"minecraft:dark_oak_slab":22,"aquamirae:oxygen_tank":1,"minecraft:gravel":9,"minecraft:barrel":9,"minecraft:slime_ball":3,"minecraft:diamond":32,"minecraft:stone_axe":1,"minecraft:diamond_axe":1,"minecraft:iron_helmet":3,"minecraft:golden_apple":1,"paladins:iron_mace":2,"minecraft:bread":3,"minecraft:emerald":24,"wilderwild:cattail":1,"minecraft:black_wool":2,"minecraft:coal":67,"minecraft:mangrove_propagule":2,"iceandfire:raw_silver":1,"minecraft:ender_pearl":6},"minecraft:mined":{"minecraft:dark_oak_planks":9,"minecraft:diamond_ore":1,"minecraft:tuff":29,"minecraft:spruce_planks":27,"iceandfire:silver_ore":1,"minecraft:deepslate_diamond_ore":31,"minecraft:mangrove_roots":3,"minecraft:cave_vines_plant":26,"minecraft:moss_block":9,"minecraft:spawner":1,"minecraft:hay_block":10,"minecraft:oak_trapdoor":1,"minecraft:furnace":8,"minecraft:barrel":5,"minecraft:iron_ore":32,"minecraft:cobbled_deepslate":31,"minecraft:fire":1,"minecraft:andesite":9,"minecraft:dark_oak_stairs":4,"minecraft:big_dripleaf_stem":1,"minecraft:cave_vines":72,"minecraft:deepslate_iron_ore":32,"minecraft:iron_bars":6,"minecraft:packed_ice":16,"minecraft:azalea":6,"minecraft:stone":54,"minecraft:spruce_slab":12,"minecraft:deepslate_redstone_ore":1,"minecraft:crafting_table":10,"minecraft:torch":11,"minecraft:tall_grass":9,"minecraft:cobblestone":6,"minecraft:deepslate_gold_ore":36,"minecraft:oak_planks":1,"minecraft:wall_torch":13,"minecraft:spruce_stairs":1,"minecraft:ice":3,"minecraft:tnt":1,"minecraft:mangrove_leaves":7,"minecraft:black_wool":2,"minecraft:grass":6,"minecraft:oak_log":10,"minecraft:coal_ore":30,"minecraft:dirt":1,"minecraft:gravel":9,"minecraft:cobweb":8,"minecraft:mangrove_log":9,"minecraft:small_dripleaf":1,"minecraft:deepslate":323}},"DataVersion":3465}