{"stats":{"minecraft:used":{"minecraft:moss_block":12,"minecraft:spruce_slab":8,"iceandfire:dragon_skull_ice":1,"minecraft:shield":11,"minecraft:iron_sword":355,"minecraft:rotten_flesh":1,"minecraft:mutton":5,"simplyswords:diamond_sai":2,"minecraft:tuff":44,"minecraft:axolotl_bucket":19,"minecraft:snowball":12,"mobs_of_mythology:kobold_spear":211,"minecraft:lava_bucket":81,"paladins:wooden_great_hammer":1,"minecraft:iron_helmet":2,"minecraft:dark_oak_slab":6,"simplyswords:arcanethyst":2,"minecraft:rabbit_stew":1,"minecraft:bow":30,"minecraft:hay_block":1,"minecraft:mangrove_roots":6,"minecraft:furnace":8,"minecraft:cooked_cod":4,"minecraft:dark_oak_stairs":2,"minecraft:stone_pickaxe":143,"minecraft:mangrove_planks":13,"minecraft:oak_planks":4,"minecraft:ender_pearl":5,"minecraft:wooden_pickaxe":11,"minecraft:diamond_axe":42,"minecraft:cookie":5,"minecraft:golden_apple":2,"minecraft:glow_berries":35,"minecraft:mushroom_stew":1,"paladins:iron_kite_shield":20,"aquamirae:painting_oxygelium":3,"minecraft:bread":37,"minecraft:gravel":9,"minecraft:coal_block":2,"minecraft:wooden_sword":4,"paladins:diamond_kite_shield":79,"minecraft:andesite":9,"minecraft:experience_bottle":5,"minecraft:cobweb":7,"aquamirae:sea_stew":2,"minecraft:spruce_planks":14,"minecraft:cooked_salmon":33,"minecraft:oak_door":1,"minecraft:torch":92,"minecraft:dirt":8,"minecraft:spruce_stairs":3,"minecraft:iron_axe":81,"minecraft:oak_stairs":1,"aquamirae:fin":6,"paladins:priest_robe_legs":2,"minecraft:cobbled_deepslate":303,"minecraft:iron_leggings":2,"minecraft:water_bucket":40,"minecraft:salmon":2,"minecraft:oak_slab":10,"minecraft:crafting_table":12,"paladins:iron_mace":42,"minecraft:cod":1,"minecraft:cake":2,"minecraft:oak_log":6,"minecraft:diamond_pickaxe":249,"minecraft:black_wool":2,"minecraft:apple":9,"minecraft:mangrove_propagule":1,"minecraft:iron_pickaxe":250,"minecraft:cobblestone":37,"minecraft:bucket":141,"minecraft:yellow_bed":1,"minecraft:pumpkin_pie":2},"minecraft:crafted":{"minecraft:oak_planks":12,"minecraft:bow":1,"minecraft:iron_boots":2,"minecraft:oak_slab":12,"minecraft:crafting_table":4,"minecraft:iron_helmet":1,"minecraft:iron_chestplate":1,"minecraft:diamond_pickaxe":1,"minecraft:shield":2,"minecraft:stick":36,"minecraft:iron_ingot":37,"minecraft:iron_pickaxe":1,"minecraft:wooden_sword":1,"minecraft:furnace":2,"minecraft:yellow_bed":1,"minecraft:iron_axe":1,"minecraft:spruce_slab":6,"minecraft:stone_pickaxe":3,"minecraft:dark_oak_planks":12,"minecraft:wheat":180,"minecraft:iron_sword":1,"minecraft:mangrove_planks":36,"minecraft:bucket":1,"minecraft:bread":60,"minecraft:air":0,"minecraft:iron_leggings":2,"minecraft:torch":60},"minecraft:dropped":{"minecraft:iron_sword":2,"iceandfire:raw_silver":1,"minecraft:brown_mushroom":1,"minecraft:moss_block":1,"minecraft:dark_oak_stairs":1,"minecraft:oak_log":2,"minecraft:ender_pearl":1,"minecraft:dark_oak_slab":16,"paladins:paladin_armor_head":3,"minecraft:cod":1,"minecraft:item_frame":11,"minecraft:snowball":40,"minecraft:wooden_sword":1,"minecraft:dark_oak_planks":1,"simplyswords:iron_sai":2,"minecraft:bone":19,"minecraft:gold_ingot":7,"minecraft:stone_axe":1,"minecraft:mangrove_roots":1,"minecraft:cobbled_deepslate":89,"minecraft:wheat":4,"simplyswords:arcanethyst":1,"universal_graves:grave_compass":5,"minecraft:oak_planks":4,"minecraft:salmon":1,"minecraft:carrot":10,"patchouli:guide_book":1,"minecraft:eye_armor_trim_smithing_template":2,"minecraft:leather_chestplate":4,"minecraft:gunpowder":12,"minecraft:leather_boots":7,"minecraft:azalea":5,"minecraft:ladder":1,"minecraft:spruce_wood":8,"mcda:frost_crystal":1,"minecraft:spruce_slab":6,"minecraft:iron_bars":6,"aquamirae:sharp_bones":3,"minecraft:enchanted_book":1,"minecraft:oak_slab":5,"minecraft:wheat_seeds":3,"minecraft:tnt":7,"minecraft:mossy_cobblestone":1,"paladins:wooden_great_hammer":1,"minecraft:mangrove_propagule":1,"minecraft:iron_helmet":5,"mobs_of_mythology:kobold_spear":3,"minecraft:spruce_stairs":4,"paladins:iron_kite_shield":1,"minecraft:coal_block":2,"minecraft:stick":18,"mcda:teleportation_robe_helmet":2,"minecraft:iron_leggings":2,"minecraft:oak_stairs":3,"minecraft:flowering_azalea":1,"minecraft:white_banner":1,"minecraft:iron_axe":2,"minecraft:string":8,"iceandfire:dragonbone":27,"minecraft:redstone":7,"minecraft:moss_carpet":7,"minecraft:oak_trapdoor":1,"minecraft:raw_copper":2,"minecraft:bowl":5,"simplyswords:diamond_sai":3,"minecraft:iron_boots":1,"iceandfire:dragon_skull_ice":1,"minecraft:flint_and_steel":3,"minecraft:filled_map":1,"minecraft:shield":3,"aquamirae:fin":4,"minecraft:spruce_planks":12,"minecraft:iron_chestplate":6,"minecraft:diamond_pickaxe":1,"wilderwild:cattail":1,"aquamirae:spinefish":3,"minecraft:barrel":8,"minecraft:slime_ball":3,"minecraft:stone_pickaxe":3,"minecraft:wooden_pickaxe":1},"minecraft:killed_by":{"minecraft:evoker":1,"mobs_of_mythology:kobold_warrior":3,"minecraft:vindicator":2,"aquamirae:captain_cornelia":11,"minecraft:zombie":1,"aquamirae:tortured_soul":1,"minecraft:vex":1,"minecraft:player":8},"minecraft:broken":{"minecraft:iron_boots":1,"minecraft:iron_leggings":1,"paladins:priest_robe_head":1,"minecraft:iron_sword":1,"paladins:diamond_kite_shield":1,"minecraft:iron_pickaxe":1},"minecraft:killed":{"aquamirae:tortured_soul":1,"minecraft:skeleton":22,"minecraft:silverfish":7,"minecraft:sheep":2,"minecraft:pillager":2,"minecraft:vindicator":6,"mobcatalog:stonemaw":2,"aquamirae:maw":3,"wildlife:lark":1,"mobs_of_mythology:kobold":9,"mobs_of_mythology:kobold_warrior":4,"minecraft:player":8},"minecraft:custom":{"minecraft:interact_with_crafting_table":35,"minecraft:open_barrel":137,"minecraft:bell_ring":1,"minecraft:eat_cake_slice":4,"minecraft:leave_game":3,"minecraft:time_since_death":18861,"minecraft:sprint_one_cm":474904,"minecraft:damage_blocked_by_shield":7637,"minecraft:drop":181,"minecraft:talked_to_villager":3,"minecraft:play_time":246128,"minecraft:deaths":32,"minecraft:jump":3424,"minecraft:walk_on_water_one_cm":86495,"minecraft:interact_with_furnace":44,"minecraft:interact_with_cartography_table":2,"minecraft:sleep_in_bed":4,"minecraft:damage_dealt":23637,"minecraft:player_kills":10,"minecraft:crouch_one_cm":70818,"minecraft:mob_kills":65,"minecraft:climb_one_cm":3224,"minecraft:walk_one_cm":484934,"minecraft:sneak_time":27042,"minecraft:walk_under_water_one_cm":24639,"minecraft:total_world_time":246128,"minecraft:time_since_rest":96,"minecraft:damage_taken":14331,"minecraft:damage_absorbed":80,"minecraft:swim_one_cm":101188,"minecraft:fly_one_cm":728515,"minecraft:open_chest":88,"minecraft:fall_one_cm":68360},"minecraft:picked_up":{"minecraft:iron_chestplate":4,"minecraft:wheat":3,"minecraft:yellow_wool":3,"minecraft:oak_stairs":4,"mobs_of_mythology:kobold_spear":5,"mcda:teleportation_robe_helmet":1,"minecraft:string":14,"minecraft:cooked_salmon":33,"minecraft:iron_leggings":1,"universal_graves:grave_compass":2,"minecraft:cobbled_deepslate":466,"minecraft:spruce_planks":34,"minecraft:eye_armor_trim_smithing_template":1,"minecraft:azalea":5,"minecraft:coal_block":4,"minecraft:mangrove_log":9,"minecraft:furnace":6,"aquamirae:frozen_key":1,"minecraft:stick":14,"minecraft:torch":34,"minecraft:spruce_stairs":8,"simplyswords:arcanethyst":1,"paladins:paladin_armor_head":2,"minecraft:rotten_flesh":4,"minecraft:mangrove_roots":7,"minecraft:iron_bars":6,"minecraft:cod":1,"minecraft:snowball":52,"minecraft:cobblestone":63,"minecraft:leather_chestplate":2,"minecraft:andesite":9,"aquamirae:three_bolt_helmet":1,"minecraft:flint":1,"minecraft:tuff":44,"paladins:diamond_kite_shield":1,"minecraft:dirt":8,"aquamirae:fin":8,"minecraft:leather_boots":4,"minecraft:bone":37,"minecraft:wheat_seeds":3,"minecraft:raw_gold":36,"minecraft:moss_block":13,"simplyswords:diamond_sai":2,"minecraft:oak_planks":13,"paladins:wooden_great_hammer":1,"aquamirae:oxygen_tank":1,"aquamirae:painting_oxygelium":1,"minecraft:mossy_cobblestone":5,"minecraft:barrel":9,"minecraft:diamond":32,"minecraft:golden_apple":1,"minecraft:emerald":24,"minecraft:bread":3,"wilderwild:cattail":1,"iceandfire:raw_silver":1,"minecraft:crafting_table":8,"minecraft:ladder":1,"minecraft:clay_ball":4,"simplyswords:iron_sai":2,"minecraft:brown_mushroom":1,"minecraft:wooden_pickaxe":1,"minecraft:shield":2,"aquamirae:sharp_bones":2,"minecraft:moss_carpet":7,"minecraft:oak_trapdoor":1,"minecraft:iron_axe":1,"minecraft:flint_and_steel":3,"minecraft:item_frame":11,"minecraft:spruce_slab":8,"minecraft:raw_iron":64,"iceandfire:dragonbone":27,"minecraft:oak_door":1,"aquamirae:shell_horn":1,"minecraft:bowl":1,"minecraft:cookie":5,"minecraft:redstone":7,"minecraft:dark_oak_planks":10,"iceandfire:dragon_skull_ice":2,"minecraft:arrow":25,"minecraft:cooked_cod":4,"minecraft:pumpkin_pie":8,"minecraft:hay_block":21,"minecraft:totem_of_undying":1,"minecraft:glow_berries":37,"minecraft:mutton":3,"minecraft:white_wool":2,"minecraft:skeleton_skull":3,"aquamirae:spinefish":3,"minecraft:filled_map":1,"minecraft:oak_log":11,"mcda:frost_crystal":1,"minecraft:gunpowder":12,"minecraft:white_banner":1,"minecraft:apple":7,"minecraft:spruce_wood":8,"minecraft:cobweb":7,"minecraft:flowering_azalea":1,"minecraft:iron_sword":4,"minecraft:dark_oak_stairs":3,"minecraft:oak_slab":3,"minecraft:dark_oak_slab":22,"minecraft:gravel":9,"minecraft:slime_ball":3,"minecraft:stone_axe":1,"minecraft:iron_helmet":3,"minecraft:diamond_axe":1,"paladins:iron_mace":2,"minecraft:black_wool":2,"minecraft:mangrove_propagule":2,"minecraft:coal":67,"minecraft:ender_pearl":6},"minecraft:mined":{"minecraft:dark_oak_planks":9,"minecraft:spruce_planks":27,"minecraft:spruce_trapdoor":1,"minecraft:cave_vines_plant":26,"aquamirae:golden_moth_in_a_jar":1,"minecraft:spawner":1,"minecraft:fire":1,"minecraft:iron_ore":32,"minecraft:cobbled_deepslate":31,"minecraft:barrel":5,"minecraft:dark_oak_stairs":4,"minecraft:cave_vines":72,"minecraft:iron_bars":6,"minecraft:oak_stairs":2,"minecraft:azalea":6,"wilderwild:brown_shelf_fungus":1,"minecraft:spruce_slab":12,"minecraft:deepslate_redstone_ore":1,"minecraft:torch":14,"minecraft:cobblestone":10,"minecraft:oak_planks":4,"minecraft:wall_torch":13,"minecraft:tnt":1,"minecraft:grass":6,"minecraft:oak_log":10,"minecraft:dirt":1,"minecraft:mangrove_log":9,"minecraft:deepslate":323,"minecraft:diamond_ore":1,"minecraft:tuff":29,"iceandfire:silver_ore":1,"minecraft:mossy_cobblestone":5,"minecraft:deepslate_diamond_ore":31,"minecraft:mangrove_roots":3,"minecraft:moss_block":9,"minecraft:large_fern":1,"minecraft:hay_block":22,"minecraft:oak_trapdoor":1,"minecraft:furnace":8,"aquamirae:painting_oxygelium":1,"minecraft:andesite":9,"minecraft:big_dripleaf_stem":1,"minecraft:deepslate_iron_ore":32,"minecraft:packed_ice":18,"minecraft:stone":54,"minecraft:oak_slab":4,"minecraft:crafting_table":10,"minecraft:tall_grass":9,"minecraft:deepslate_gold_ore":36,"minecraft:spruce_stairs":1,"minecraft:ice":3,"minecraft:spruce_log":2,"minecraft:mangrove_leaves":7,"minecraft:black_wool":2,"minecraft:coal_ore":30,"minecraft:gravel":9,"minecraft:cobweb":8,"minecraft:small_dripleaf":1}},"DataVersion":3465}