{
  "rpg_series:root": {
    "criteria": {
      "always": "2024-09-06 02:15:53 +0000"
    },
    "done": true
  },
  "advancednetherite:recipes/building_blocks/netherite_iron_block": {
    "criteria": {
      "has_the_recipe": "2024-09-06 02:15:53 +0000"
    },
    "done": true
  },
  "advancednetherite:recipes/netherite_gold_block": {
    "criteria": {
      "has_ingredients": "2024-09-06 02:15:53 +0000"
    },
    "done": true
  },
  "advancednetherite:recipes/misc/netherite_diamond_ingot_from_block": {
    "criteria": {
      "has_the_recipe": "2024-09-06 02:15:53 +0000"
    },
    "done": true
  },
  "simplyswords:grant_book_on_first_join": {
    "criteria": {
      "tick": "2024-09-06 02:15:53 +0000"
    },
    "done": true
  },
  "1_splatus:ultris/root": {
    "criteria": {
      "c1": "2024-09-06 02:15:53 +0000"
    },
    "done": true
  },
  "minecraft:recipes/decorations/crafting_table": {
    "criteria": {
      "unlock_right_away": "2024-09-06 02:15:53 +0000"
    },
    "done": true
  },
  "naturalist:recipes/food/cooked_egg": {
    "criteria": {
      "has_eggs": "2024-09-06 02:15:53 +0000"
    },
    "done": true
  },
  "advancednetherite:recipes/building_blocks/netherite_diamond_block": {
    "criteria": {
      "has_the_recipe": "2024-09-06 02:15:53 +0000"
    },
    "done": true
  },
  "iceandfire:iceandfire/root": {
    "criteria": {
      "tick": "2024-09-06 02:15:53 +0000"
    },
    "done": true
  },
  "advancednetherite:recipes/building_blocks/netherite_gold_block": {
    "criteria": {
      "has_the_recipe": "2024-09-06 02:15:53 +0000"
    },
    "done": true
  },
  "advancednetherite:recipes/netherite_diamond_block": {
    "criteria": {
      "has_ingredients": "2024-09-06 02:15:53 +0000"
    },
    "done": true
  },
  "dungeons_arise:wda_root": {
    "criteria": {
      "WDA": "2024-09-06 02:15:53 +0000"
    },
    "done": true
  },
  "frostiful:recipes/combat/armor/armored_ice_skates": {
    "criteria": {
      "has_fur_boots": "2024-09-06 02:15:53 +0000"
    },
    "done": true
  },
  "advancednetherite:recipes/misc/netherite_gold_ingot": {
    "criteria": {
      "has_the_recipe": "2024-09-06 02:15:53 +0000"
    },
    "done": true
  },
  "advancednetherite:recipes/misc/netherite_diamond_ingot": {
    "criteria": {
      "has_the_recipe": "2024-09-06 02:15:53 +0000"
    },
    "done": true
  },
  "betterdungeons:root": {
    "criteria": {
      "always": "2024-09-06 02:15:53 +0000"
    },
    "done": true
  },
  "frostiful:recipes/misc/snowflake_banner_pattern": {
    "criteria": {
      "has_packed_snowball": "2024-09-06 02:15:53 +0000"
    },
    "done": true
  },
  "advancednetherite:recipes/misc/netherite_gold_ingot_from_block": {
    "criteria": {
      "has_the_recipe": "2024-09-06 02:15:53 +0000"
    },
    "done": true
  },
  "advancednetherite:recipes/building_blocks/netherite_emerald_block": {
    "criteria": {
      "has_the_recipe": "2024-09-06 02:15:53 +0000"
    },
    "done": true
  },
  "advancednetherite:recipes/misc/netherite_iron_ingot_from_block": {
    "criteria": {
      "has_the_recipe": "2024-09-06 02:15:53 +0000"
    },
    "done": true
  },
  "mobs_of_mythology:mobs_of_mythology": {
    "criteria": {
      "tick": "2024-09-06 02:15:53 +0000"
    },
    "done": true
  },
  "frostiful:recipes/combat/armor/fur_padded_chainmail_helmet": {
    "criteria": {
      "has_fur_armor": "2024-09-06 02:15:53 +0000"
    },
    "done": true
  },
  "advancednetherite:recipes/misc/netherite_emerald_ingot": {
    "criteria": {
      "has_the_recipe": "2024-09-06 02:15:53 +0000"
    },
    "done": true
  },
  "frostiful:recipes/combat/armor/fur_padded_chainmail_leggings": {
    "criteria": {
      "has_fur_armor": "2024-09-06 02:15:53 +0000"
    },
    "done": true
  },
  "advancednetherite:recipes/misc/netherite_emerald_ingot_from_block": {
    "criteria": {
      "has_the_recipe": "2024-09-06 02:15:53 +0000"
    },
    "done": true
  },
  "advancednetherite:recipes/netherite_iron_block": {
    "criteria": {
      "has_ingredients": "2024-09-06 02:15:53 +0000"
    },
    "done": true
  },
  "advancednetherite:recipes/netherite_ingots": {
    "criteria": {
      "has_ingredients": "2024-09-06 02:15:53 +0000"
    },
    "done": true
  },
  "frostiful:recipes/combat/armor/ice_skates": {
    "criteria": {
      "has_fur_boots": "2024-09-06 02:15:53 +0000"
    },
    "done": true
  },
  "frostiful:recipes/combat/armor/fur_padded_chainmail_chestplate": {
    "criteria": {
      "has_fur_armor": "2024-09-06 02:15:53 +0000"
    },
    "done": true
  },
  "advancednetherite:recipes/netherite_emerald_block": {
    "criteria": {
      "has_ingredients": "2024-09-06 02:15:53 +0000"
    },
    "done": true
  },
  "frostiful:recipes/combat/armor/fur_padded_chainmail_boots": {
    "criteria": {
      "has_fur_armor": "2024-09-06 02:15:53 +0000"
    },
    "done": true
  },
  "advancednetherite:recipes/misc/netherite_iron_ingot": {
    "criteria": {
      "has_the_recipe": "2024-09-06 02:15:53 +0000"
    },
    "done": true
  },
  "betternether:root": {
    "criteria": {
      "welcome": "2024-09-06 02:15:55 +0000"
    },
    "done": true
  },
  "betterend:root": {
    "criteria": {
      "welcome": "2024-09-06 02:15:55 +0000"
    },
    "done": true
  },
  "minecraft:adventure/adventuring_time": {
    "criteria": {
      "minecraft:beach": "2024-09-06 20:49:56 +0000",
      "minecraft:swamp": "2024-09-06 02:15:55 +0000",
      "minecraft:cold_ocean": "2024-09-06 20:49:58 +0000",
      "minecraft:forest": "2024-09-06 02:16:15 +0000",
      "minecraft:lush_caves": "2024-09-06 18:07:44 +0000"
    },
    "done": false
  },
  "minecraft:recipes/misc/charcoal": {
    "criteria": {
      "has_log": "2024-09-06 02:18:14 +0000"
    },
    "done": true
  },
  "minecraft:recipes/building_blocks/oak_planks": {
    "criteria": {
      "has_logs": "2024-09-06 02:18:14 +0000"
    },
    "done": true
  },
  "mcwfurnitures:recipes/oak": {
    "criteria": {
      "has_wood": "2024-09-06 02:18:14 +0000"
    },
    "done": true
  },
  "minecraft:recipes/building_blocks/oak_wood": {
    "criteria": {
      "has_log": "2024-09-06 02:18:14 +0000"
    },
    "done": true
  },
  "immersive_armors:recipes/misc/wooden": {
    "criteria": {
      "has_item": "2024-09-06 02:18:14 +0000"
    },
    "done": true
  },
  "minecraft:recipes/decorations/oak_sign": {
    "criteria": {
      "has_planks": "2024-09-06 02:18:51 +0000"
    },
    "done": true
  },
  "betternether:recipes/redstone/piston": {
    "criteria": {
      "has_tag_minecraft_planks": "2024-09-06 02:18:51 +0000"
    },
    "done": true
  },
  "minecraft:recipes/misc/stick": {
    "criteria": {
      "has_planks": "2024-09-06 02:18:51 +0000"
    },
    "done": true
  },
  "mcdw:recipes/crossbows/crossbow_scatter": {
    "criteria": {
      "has_oak_planks": "2024-09-06 02:18:51 +0000"
    },
    "done": true
  },
  "minecraft:recipes/building_blocks/oak_slab": {
    "criteria": {
      "has_planks": "2024-09-06 02:18:51 +0000"
    },
    "done": true
  },
  "minecraft:recipes/redstone/oak_fence_gate": {
    "criteria": {
      "has_planks": "2024-09-06 02:18:51 +0000"
    },
    "done": true
  },
  "minecraft:recipes/redstone/oak_door": {
    "criteria": {
      "has_planks": "2024-09-06 02:18:51 +0000"
    },
    "done": true
  },
  "minecraft:recipes/decorations/barrel": {
    "criteria": {
      "has_planks": "2024-09-06 02:18:51 +0000"
    },
    "done": true
  },
  "bclib:recipes/redstone/tag_piston": {
    "criteria": {
      "has_tag_minecraft_planks": "2024-09-06 02:18:51 +0000"
    },
    "done": true
  },
  "minecraft:recipes/redstone/oak_trapdoor": {
    "criteria": {
      "has_planks": "2024-09-06 02:18:51 +0000"
    },
    "done": true
  },
  "mcdw:recipes/shields/shield_vanguard": {
    "criteria": {
      "has_planks": "2024-09-06 02:18:51 +0000"
    },
    "done": true
  },
  "bclib:recipes/decorations/tag_smith_table": {
    "criteria": {
      "has_tag_minecraft_planks": "2024-09-06 02:18:51 +0000"
    },
    "done": true
  },
  "minecraft:recipes/building_blocks/oak_stairs": {
    "criteria": {
      "has_planks": "2024-09-06 02:18:51 +0000"
    },
    "done": true
  },
  "minecraft:recipes/decorations/oak_fence": {
    "criteria": {
      "has_planks": "2024-09-06 02:18:51 +0000"
    },
    "done": true
  },
  "iceandfire:recipes/misc/earplugs": {
    "criteria": {
      "has_item": "2024-09-06 02:18:51 +0000"
    },
    "done": true
  },
  "bclib:recipes/combat/tag_shield": {
    "criteria": {
      "has_tag_minecraft_planks": "2024-09-06 02:18:51 +0000"
    },
    "done": true
  },
  "minecraft:recipes/redstone/oak_button": {
    "criteria": {
      "has_planks": "2024-09-06 02:18:51 +0000"
    },
    "done": true
  },
  "betternether:recipes/combat/shield": {
    "criteria": {
      "has_tag_minecraft_planks": "2024-09-06 02:18:51 +0000"
    },
    "done": true
  },
  "minecraft:recipes/redstone/oak_pressure_plate": {
    "criteria": {
      "has_planks": "2024-09-06 02:18:51 +0000"
    },
    "done": true
  },
  "mcdw:recipes/crossbows/crossbow_harpoon_crossbow": {
    "criteria": {
      "has_planks": "2024-09-06 02:18:51 +0000"
    },
    "done": true
  },
  "travelersbackpack:recipes/misc/crafting_upgrade": {
    "criteria": {
      "has_crafting_table": "2024-09-06 02:18:56 +0000"
    },
    "done": true
  },
  "aquamirae:adventure/root": {
    "criteria": {
      "crafting_table": "2024-09-06 02:18:56 +0000"
    },
    "done": true
  },
  "minecraft:story/root": {
    "criteria": {
      "crafting_table": "2024-09-06 02:18:56 +0000"
    },
    "done": true
  },
  "minecraft:recipes/decorations/ladder": {
    "criteria": {
      "has_stick": "2024-09-06 02:19:03 +0000"
    },
    "done": true
  },
  "betternether:recipes/decorations/wart_ladder": {
    "criteria": {
      "has_stick": "2024-09-06 02:19:03 +0000"
    },
    "done": true
  },
  "betterend:recipes/decorations/lacugrove_bar_stool": {
    "criteria": {
      "has_stick": "2024-09-06 02:19:03 +0000"
    },
    "done": true
  },
  "betterend:recipes/decorations/lucernia_chair": {
    "criteria": {
      "has_stick": "2024-09-06 02:19:03 +0000"
    },
    "done": true
  },
  "betternether:recipes/decorations/nether_reed_fence": {
    "criteria": {
      "has_stick": "2024-09-06 02:19:03 +0000"
    },
    "done": true
  },
  "betternether:recipes/decorations/mushroom_fir_bar_stool": {
    "criteria": {
      "has_stick": "2024-09-06 02:19:03 +0000"
    },
    "done": true
  },
  "betternether:recipes/decorations/willow_taburet": {
    "criteria": {
      "has_stick": "2024-09-06 02:19:03 +0000"
    },
    "done": true
  },
  "betternether:recipes/decorations/birch_bar_stool": {
    "criteria": {
      "has_stick": "2024-09-06 02:19:03 +0000"
    },
    "done": true
  },
  "betternether:recipes/decorations/warped_chair": {
    "criteria": {
      "has_stick": "2024-09-06 02:19:03 +0000"
    },
    "done": true
  },
  "mcda:recipes/crafting_items/fabric_bolt_light_blue": {
    "criteria": {
      "has_stick": "2024-09-06 02:19:03 +0000"
    },
    "done": true
  },
  "betterend:recipes/decorations/lacugrove_taburet": {
    "criteria": {
      "has_stick": "2024-09-06 02:19:03 +0000"
    },
    "done": true
  },
  "betterend:recipes/decorations/helix_tree_sign": {
    "criteria": {
      "has_stick": "2024-09-06 02:19:03 +0000"
    },
    "done": true
  },
  "betternether:recipes/redstone/rubeus_gate": {
    "criteria": {
      "has_stick": "2024-09-06 02:19:03 +0000"
    },
    "done": true
  },
  "betterend:recipes/decorations/jellyshroom_chair": {
    "criteria": {
      "has_stick": "2024-09-06 02:19:03 +0000"
    },
    "done": true
  },
  "betterend:recipes/decorations/lacugrove_ladder": {
    "criteria": {
      "has_stick": "2024-09-06 02:19:03 +0000"
    },
    "done": true
  },
  "mcda:recipes/crafting_items/fabric_bolt_yellow": {
    "criteria": {
      "has_stick": "2024-09-06 02:19:03 +0000"
    },
    "done": true
  },
  "betterend:recipes/decorations/end_lotus_ladder": {
    "criteria": {
      "has_stick": "2024-09-06 02:19:03 +0000"
    },
    "done": true
  },
  "betternether:recipes/decorations/wart_fence": {
    "criteria": {
      "has_stick": "2024-09-06 02:19:03 +0000"
    },
    "done": true
  },
  "betternether:recipes/decorations/chair_cincinnasite": {
    "criteria": {
      "has_stick": "2024-09-06 02:19:03 +0000"
    },
    "done": true
  },
  "betternether:recipes/decorations/rubeus_taburet": {
    "criteria": {
      "has_stick": "2024-09-06 02:19:03 +0000"
    },
    "done": true
  },
  "betternether:recipes/decorations/crimson_chair": {
    "criteria": {
      "has_stick": "2024-09-06 02:19:03 +0000"
    },
    "done": true
  },
  "betterend:recipes/decorations/tenanea_taburet": {
    "criteria": {
      "has_stick": "2024-09-06 02:19:03 +0000"
    },
    "done": true
  },
  "mcda:recipes/crafting_items/fabric_bolt_brown": {
    "criteria": {
      "has_stick": "2024-09-06 02:19:03 +0000"
    },
    "done": true
  },
  "minecraft:recipes/tools/wooden_axe": {
    "criteria": {
      "has_stick": "2024-09-06 02:19:03 +0000"
    },
    "done": true
  },
  "betternether:recipes/decorations/crimson_bar_stool": {
    "criteria": {
      "has_stick": "2024-09-06 02:19:03 +0000"
    },
    "done": true
  },
  "betternether:recipes/decorations/jungle_bar_stool": {
    "criteria": {
      "has_stick": "2024-09-06 02:19:03 +0000"
    },
    "done": true
  },
  "betternether:recipes/decorations/wart_bar_stool": {
    "criteria": {
      "has_stick": "2024-09-06 02:19:03 +0000"
    },
    "done": true
  },
  "betternether:recipes/decorations/bamboo_chair": {
    "criteria": {
      "has_stick": "2024-09-06 02:19:03 +0000"
    },
    "done": true
  },
  "betternether:recipes/decorations/oak_taburet": {
    "criteria": {
      "has_stick": "2024-09-06 02:19:03 +0000"
    },
    "done": true
  },
  "betterend:recipes/decorations/pythadendron_fence": {
    "criteria": {
      "has_stick": "2024-09-06 02:19:03 +0000"
    },
    "done": true
  },
  "betternether:recipes/decorations/cherry_taburet": {
    "criteria": {
      "has_stick": "2024-09-06 02:19:03 +0000"
    },
    "done": true
  },
  "betternether:recipes/decorations/nether_mushroom_bar_stool": {
    "criteria": {
      "has_stick": "2024-09-06 02:19:03 +0000"
    },
    "done": true
  },
  "betternether:recipes/decorations/willow_fence": {
    "criteria": {
      "has_stick": "2024-09-06 02:19:03 +0000"
    },
    "done": true
  },
  "betternether:recipes/decorations/bamboo_taburet": {
    "criteria": {
      "has_stick": "2024-09-06 02:19:03 +0000"
    },
    "done": true
  },
  "betternether:recipes/decorations/birch_chair": {
    "criteria": {
      "has_stick": "2024-09-06 02:19:03 +0000"
    },
    "done": true
  },
  "betterend:recipes/decorations/lacugrove_chair": {
    "criteria": {
      "has_stick": "2024-09-06 02:19:03 +0000"
    },
    "done": true
  },
  "betternether:recipes/decorations/anchor_tree_bar_stool": {
    "criteria": {
      "has_stick": "2024-09-06 02:19:03 +0000"
    },
    "done": true
  },
  "betternether:recipes/decorations/crimson_taburet": {
    "criteria": {
      "has_stick": "2024-09-06 02:19:03 +0000"
    },
    "done": true
  },
  "betternether:recipes/decorations/anchor_tree_sign": {
    "criteria": {
      "has_stick": "2024-09-06 02:19:03 +0000"
    },
    "done": true
  },
  "betterend:recipes/redstone/umbrella_tree_gate": {
    "criteria": {
      "has_stick": "2024-09-06 02:19:03 +0000"
    },
    "done": true
  },
  "betternether:recipes/transportation/rail": {
    "criteria": {
      "has_stick": "2024-09-06 02:19:03 +0000"
    },
    "done": true
  },
  "betterend:recipes/decorations/lucernia_fence": {
    "criteria": {
      "has_stick": "2024-09-06 02:19:03 +0000"
    },
    "done": true
  },
  "betternether:recipes/decorations/wart_sign": {
    "criteria": {
      "has_stick": "2024-09-06 02:19:03 +0000"
    },
    "done": true
  },
  "betternether:recipes/decorations/rubeus_chair": {
    "criteria": {
      "has_stick": "2024-09-06 02:19:03 +0000"
    },
    "done": true
  },
  "betternether:recipes/decorations/stalagnate_chair": {
    "criteria": {
      "has_stick": "2024-09-06 02:19:03 +0000"
    },
    "done": true
  },
  "betterend:recipes/decorations/umbrella_tree_fence": {
    "criteria": {
      "has_stick": "2024-09-06 02:19:03 +0000"
    },
    "done": true
  },
  "betterend:recipes/decorations/helix_tree_bar_stool": {
    "criteria": {
      "has_stick": "2024-09-06 02:19:03 +0000"
    },
    "done": true
  },
  "betternether:recipes/redstone/mushroom_fir_gate": {
    "criteria": {
      "has_stick": "2024-09-06 02:19:03 +0000"
    },
    "done": true
  },
  "betterend:recipes/decorations/jellyshroom_sign": {
    "criteria": {
      "has_stick": "2024-09-06 02:19:03 +0000"
    },
    "done": true
  },
  "betternether:recipes/decorations/oak_bar_stool": {
    "criteria": {
      "has_stick": "2024-09-06 02:19:03 +0000"
    },
    "done": true
  },
  "betterend:recipes/redstone/tenanea_gate": {
    "criteria": {
      "has_stick": "2024-09-06 02:19:03 +0000"
    },
    "done": true
  },
  "betterend:recipes/decorations/dragon_tree_taburet": {
    "criteria": {
      "has_stick": "2024-09-06 02:19:03 +0000"
    },
    "done": true
  },
  "betternether:recipes/decorations/birch_taburet": {
    "criteria": {
      "has_stick": "2024-09-06 02:19:03 +0000"
    },
    "done": true
  },
  "betterend:recipes/decorations/jellyshroom_fence": {
    "criteria": {
      "has_stick": "2024-09-06 02:19:03 +0000"
    },
    "done": true
  },
  "mcda:recipes/crafting_items/fabric_bolt_blue": {
    "criteria": {
      "has_stick": "2024-09-06 02:19:03 +0000"
    },
    "done": true
  },
  "betternether:recipes/redstone/stalagnate_gate": {
    "criteria": {
      "has_stick": "2024-09-06 02:19:03 +0000"
    },
    "done": true
  },
  "betternether:recipes/decorations/nether_reed_sign": {
    "criteria": {
      "has_stick": "2024-09-06 02:19:03 +0000"
    },
    "done": true
  },
  "betterend:recipes/decorations/lucernia_sign": {
    "criteria": {
      "has_stick": "2024-09-06 02:19:03 +0000"
    },
    "done": true
  },
  "mcda:recipes/crafting_items/fabric_bolt_lime": {
    "criteria": {
      "has_stick": "2024-09-06 02:19:03 +0000"
    },
    "done": true
  },
  "betterend:recipes/decorations/helix_tree_fence": {
    "criteria": {
      "has_stick": "2024-09-06 02:19:03 +0000"
    },
    "done": true
  },
  "betternether:recipes/decorations/nether_reed_ladder": {
    "criteria": {
      "has_stick": "2024-09-06 02:19:03 +0000"
    },
    "done": true
  },
  "betterend:recipes/redstone/pythadendron_gate": {
    "criteria": {
      "has_stick": "2024-09-06 02:19:03 +0000"
    },
    "done": true
  },
  "betterend:recipes/misc/copy_tool_assembly": {
    "criteria": {
      "has_stick": "2024-09-06 02:19:03 +0000"
    },
    "done": true
  },
  "betternether:recipes/decorations/nether_reed_bar_stool": {
    "criteria": {
      "has_stick": "2024-09-06 02:19:03 +0000"
    },
    "done": true
  },
  "betterend:recipes/decorations/helix_tree_ladder": {
    "criteria": {
      "has_stick": "2024-09-06 02:19:03 +0000"
    },
    "done": true
  },
  "betterend:recipes/decorations/lacugrove_sign": {
    "criteria": {
      "has_stick": "2024-09-06 02:19:03 +0000"
    },
    "done": true
  },
  "betterend:recipes/decorations/umbrella_tree_ladder": {
    "criteria": {
      "has_stick": "2024-09-06 02:19:03 +0000"
    },
    "done": true
  },
  "betternether:recipes/decorations/acacia_taburet": {
    "criteria": {
      "has_stick": "2024-09-06 02:19:03 +0000"
    },
    "done": true
  },
  "minecraft:recipes/decorations/campfire": {
    "criteria": {
      "has_stick": "2024-09-06 02:19:03 +0000"
    },
    "done": true
  },
  "minecraft:recipes/tools/wooden_hoe": {
    "criteria": {
      "has_stick": "2024-09-06 02:19:03 +0000"
    },
    "done": true
  },
  "betterend:recipes/decorations/pythadendron_chair": {
    "criteria": {
      "has_stick": "2024-09-06 02:19:03 +0000"
    },
    "done": true
  },
  "betterend:recipes/decorations/pythadendron_ladder": {
    "criteria": {
      "has_stick": "2024-09-06 02:19:03 +0000"
    },
    "done": true
  },
  "betternether:recipes/decorations/mushroom_fir_fence": {
    "criteria": {
      "has_stick": "2024-09-06 02:19:03 +0000"
    },
    "done": true
  },
  "betterend:recipes/decorations/umbrella_tree_chair": {
    "criteria": {
      "has_stick": "2024-09-06 02:19:03 +0000"
    },
    "done": true
  },
  "betternether:recipes/decorations/oak_chair": {
    "criteria": {
      "has_stick": "2024-09-06 02:19:03 +0000"
    },
    "done": true
  },
  "betternether:recipes/decorations/willow_ladder": {
    "criteria": {
      "has_stick": "2024-09-06 02:19:03 +0000"
    },
    "done": true
  },
  "betternether:recipes/decorations/jungle_chair": {
    "criteria": {
      "has_stick": "2024-09-06 02:19:03 +0000"
    },
    "done": true
  },
  "betternether:recipes/decorations/nether_sakura_fence": {
    "criteria": {
      "has_stick": "2024-09-06 02:19:03 +0000"
    },
    "done": true
  },
  "betterend:recipes/misc/golden_hammer": {
    "criteria": {
      "has_stick": "2024-09-06 02:19:03 +0000"
    },
    "done": true
  },
  "betterend:recipes/decorations/end_lotus_taburet": {
    "criteria": {
      "has_stick": "2024-09-06 02:19:03 +0000"
    },
    "done": true
  },
  "betternether:recipes/redstone/anchor_tree_gate": {
    "criteria": {
      "has_stick": "2024-09-06 02:19:03 +0000"
    },
    "done": true
  },
  "betterend:recipes/decorations/dragon_tree_ladder": {
    "criteria": {
      "has_stick": "2024-09-06 02:19:03 +0000"
    },
    "done": true
  },
  "betternether:recipes/decorations/mushroom_fir_ladder": {
    "criteria": {
      "has_stick": "2024-09-06 02:19:03 +0000"
    },
    "done": true
  },
  "betternether:recipes/decorations/nether_sakura_ladder": {
    "criteria": {
      "has_stick": "2024-09-06 02:19:03 +0000"
    },
    "done": true
  },
  "minecraft:recipes/tools/wooden_shovel": {
    "criteria": {
      "has_stick": "2024-09-06 02:19:03 +0000"
    },
    "done": true
  },
  "betternether:recipes/decorations/nether_sakura_bar_stool": {
    "criteria": {
      "has_stick": "2024-09-06 02:19:03 +0000"
    },
    "done": true
  },
  "betterend:recipes/decorations/umbrella_tree_sign": {
    "criteria": {
      "has_stick": "2024-09-06 02:19:03 +0000"
    },
    "done": true
  },
  "betterend:recipes/decorations/dragon_tree_bar_stool": {
    "criteria": {
      "has_stick": "2024-09-06 02:19:03 +0000"
    },
    "done": true
  },
  "betternether:recipes/decorations/bamboo_bar_stool": {
    "criteria": {
      "has_stick": "2024-09-06 02:19:03 +0000"
    },
    "done": true
  },
  "betternether:recipes/decorations/dark_oak_taburet": {
    "criteria": {
      "has_stick": "2024-09-06 02:19:03 +0000"
    },
    "done": true
  },
  "betternether:recipes/decorations/mushroom_fir_taburet": {
    "criteria": {
      "has_stick": "2024-09-06 02:19:03 +0000"
    },
    "done": true
  },
  "betterend:recipes/decorations/end_lotus_sign": {
    "criteria": {
      "has_stick": "2024-09-06 02:19:03 +0000"
    },
    "done": true
  },
  "minecraft:recipes/combat/wooden_sword": {
    "criteria": {
      "has_stick": "2024-09-06 02:19:03 +0000"
    },
    "done": true
  },
  "betternether:recipes/redstone/nether_sakura_gate": {
    "criteria": {
      "has_stick": "2024-09-06 02:19:03 +0000"
    },
    "done": true
  },
  "betternether:recipes/redstone/nether_reed_gate": {
    "criteria": {
      "has_stick": "2024-09-06 02:19:03 +0000"
    },
    "done": true
  },
  "betterend:recipes/decorations/lucernia_ladder": {
    "criteria": {
      "has_stick": "2024-09-06 02:19:03 +0000"
    },
    "done": true
  },
  "betterend:recipes/decorations/helix_tree_taburet": {
    "criteria": {
      "has_stick": "2024-09-06 02:19:03 +0000"
    },
    "done": true
  },
  "betternether:recipes/decorations/mushroom_fir_sign": {
    "criteria": {
      "has_stick": "2024-09-06 02:19:03 +0000"
    },
    "done": true
  },
  "mcda:recipes/crafting_items/fabric_bolt_gray": {
    "criteria": {
      "has_stick": "2024-09-06 02:19:03 +0000"
    },
    "done": true
  },
  "betterend:recipes/decorations/pythadendron_taburet": {
    "criteria": {
      "has_stick": "2024-09-06 02:19:03 +0000"
    },
    "done": true
  },
  "mcda:recipes/crafting_items/fabric_bolt_red": {
    "criteria": {
      "has_stick": "2024-09-06 02:19:03 +0000"
    },
    "done": true
  },
  "betternether:recipes/decorations/nether_mushroom_taburet": {
    "criteria": {
      "has_stick": "2024-09-06 02:19:03 +0000"
    },
    "done": true
  },
  "betterend:recipes/decorations/tenanea_chair": {
    "criteria": {
      "has_stick": "2024-09-06 02:19:03 +0000"
    },
    "done": true
  },
  "betterend:recipes/decorations/tenanea_sign": {
    "criteria": {
      "has_stick": "2024-09-06 02:19:03 +0000"
    },
    "done": true
  },
  "betternether:recipes/decorations/cherry_bar_stool": {
    "criteria": {
      "has_stick": "2024-09-06 02:19:03 +0000"
    },
    "done": true
  },
  "betterend:recipes/redstone/mossy_glowshroom_gate": {
    "criteria": {
      "has_stick": "2024-09-06 02:19:03 +0000"
    },
    "done": true
  },
  "mcda:recipes/crafting_items/fabric_bolt_purple": {
    "criteria": {
      "has_stick": "2024-09-06 02:19:03 +0000"
    },
    "done": true
  },
  "betternether:recipes/decorations/dark_oak_bar_stool": {
    "criteria": {
      "has_stick": "2024-09-06 02:19:03 +0000"
    },
    "done": true
  },
  "betterend:recipes/decorations/helix_tree_chair": {
    "criteria": {
      "has_stick": "2024-09-06 02:19:03 +0000"
    },
    "done": true
  },
  "betterend:recipes/decorations/end_lotus_chair": {
    "criteria": {
      "has_stick": "2024-09-06 02:19:03 +0000"
    },
    "done": true
  },
  "mcda:recipes/crafting_items/fabric_bolt_orange": {
    "criteria": {
      "has_stick": "2024-09-06 02:19:03 +0000"
    },
    "done": true
  },
  "betterend:recipes/decorations/mossy_glowshroom_bar_stool": {
    "criteria": {
      "has_stick": "2024-09-06 02:19:03 +0000"
    },
    "done": true
  },
  "betternether:recipes/decorations/mushroom_fir_chair": {
    "criteria": {
      "has_stick": "2024-09-06 02:19:03 +0000"
    },
    "done": true
  },
  "betterend:recipes/misc/leather_wrapped_stick": {
    "criteria": {
      "has_stick": "2024-09-06 02:19:03 +0000"
    },
    "done": true
  },
  "betternether:recipes/decorations/mangrove_chair": {
    "criteria": {
      "has_stick": "2024-09-06 02:19:03 +0000"
    },
    "done": true
  },
  "betterend:recipes/decorations/dragon_tree_fence": {
    "criteria": {
      "has_stick": "2024-09-06 02:19:03 +0000"
    },
    "done": true
  },
  "betternether:recipes/decorations/warped_taburet": {
    "criteria": {
      "has_stick": "2024-09-06 02:19:03 +0000"
    },
    "done": true
  },
  "betternether:recipes/decorations/stalagnate_ladder": {
    "criteria": {
      "has_stick": "2024-09-06 02:19:03 +0000"
    },
    "done": true
  },
  "betterend:recipes/decorations/mossy_glowshroom_sign": {
    "criteria": {
      "has_stick": "2024-09-06 02:19:03 +0000"
    },
    "done": true
  },
  "betterend:recipes/misc/copy_terminite_upgrade": {
    "criteria": {
      "has_stick": "2024-09-06 02:19:03 +0000"
    },
    "done": true
  },
  "betternether:recipes/decorations/nether_sakura_chair": {
    "criteria": {
      "has_stick": "2024-09-06 02:19:03 +0000"
    },
    "done": true
  },
  "betternether:recipes/redstone/nether_mushroom_gate": {
    "criteria": {
      "has_stick": "2024-09-06 02:19:03 +0000"
    },
    "done": true
  },
  "betterend:recipes/decorations/tenanea_bar_stool": {
    "criteria": {
      "has_stick": "2024-09-06 02:19:03 +0000"
    },
    "done": true
  },
  "betternether:recipes/decorations/dark_oak_chair": {
    "criteria": {
      "has_stick": "2024-09-06 02:19:03 +0000"
    },
    "done": true
  },
  "betternether:recipes/decorations/anchor_tree_chair": {
    "criteria": {
      "has_stick": "2024-09-06 02:19:03 +0000"
    },
    "done": true
  },
  "betternether:recipes/decorations/warped_bar_stool": {
    "criteria": {
      "has_stick": "2024-09-06 02:19:03 +0000"
    },
    "done": true
  },
  "mcda:recipes/crafting_items/fabric_bolt_magenta": {
    "criteria": {
      "has_stick": "2024-09-06 02:19:03 +0000"
    },
    "done": true
  },
  "betternether:recipes/decorations/anchor_tree_taburet": {
    "criteria": {
      "has_stick": "2024-09-06 02:19:03 +0000"
    },
    "done": true
  },
  "betternether:recipes/decorations/warped_ladder": {
    "criteria": {
      "has_stick": "2024-09-06 02:19:03 +0000"
    },
    "done": true
  },
  "betterend:recipes/decorations/tenanea_fence": {
    "criteria": {
      "has_stick": "2024-09-06 02:19:03 +0000"
    },
    "done": true
  },
  "mcda:recipes/crafting_items/fabric_bolt_green": {
    "criteria": {
      "has_stick": "2024-09-06 02:19:03 +0000"
    },
    "done": true
  },
  "betternether:recipes/decorations/stalagnate_taburet": {
    "criteria": {
      "has_stick": "2024-09-06 02:19:03 +0000"
    },
    "done": true
  },
  "betterend:recipes/decorations/lucernia_bar_stool": {
    "criteria": {
      "has_stick": "2024-09-06 02:19:03 +0000"
    },
    "done": true
  },
  "betternether:recipes/decorations/acacia_chair": {
    "criteria": {
      "has_stick": "2024-09-06 02:19:03 +0000"
    },
    "done": true
  },
  "betterend:recipes/redstone/helix_tree_gate": {
    "criteria": {
      "has_stick": "2024-09-06 02:19:03 +0000"
    },
    "done": true
  },
  "betternether:recipes/decorations/spruce_taburet": {
    "criteria": {
      "has_stick": "2024-09-06 02:19:03 +0000"
    },
    "done": true
  },
  "betterend:recipes/decorations/pythadendron_sign": {
    "criteria": {
      "has_stick": "2024-09-06 02:19:03 +0000"
    },
    "done": true
  },
  "mcda:recipes/crafting_items/fabric_bolt_black": {
    "criteria": {
      "has_stick": "2024-09-06 02:19:03 +0000"
    },
    "done": true
  },
  "bclib:recipes/transportation/tag_rail": {
    "criteria": {
      "has_stick": "2024-09-06 02:19:03 +0000"
    },
    "done": true
  },
  "betternether:recipes/decorations/wart_taburet": {
    "criteria": {
      "has_stick": "2024-09-06 02:19:03 +0000"
    },
    "done": true
  },
  "betterend:recipes/decorations/mossy_glowshroom_chair": {
    "criteria": {
      "has_stick": "2024-09-06 02:19:03 +0000"
    },
    "done": true
  },
  "betternether:recipes/decorations/bar_stool_cincinnasite": {
    "criteria": {
      "has_stick": "2024-09-06 02:19:03 +0000"
    },
    "done": true
  },
  "betternether:recipes/decorations/rubeus_ladder": {
    "criteria": {
      "has_stick": "2024-09-06 02:19:03 +0000"
    },
    "done": true
  },
  "betterend:recipes/misc/copy_handle_attachment": {
    "criteria": {
      "has_stick": "2024-09-06 02:19:03 +0000"
    },
    "done": true
  },
  "betternether:recipes/decorations/willow_sign": {
    "criteria": {
      "has_stick": "2024-09-06 02:19:03 +0000"
    },
    "done": true
  },
  "betterend:recipes/decorations/end_lotus_bar_stool": {
    "criteria": {
      "has_stick": "2024-09-06 02:19:03 +0000"
    },
    "done": true
  },
  "hybrid-aquatic:recipes/building_blocks/glowstick": {
    "criteria": {
      "has_stick": "2024-09-06 02:19:03 +0000"
    },
    "done": true
  },
  "betterend:recipes/misc/iron_hammer": {
    "criteria": {
      "has_stick": "2024-09-06 02:19:03 +0000"
    },
    "done": true
  },
  "betterend:recipes/redstone/end_lotus_gate": {
    "criteria": {
      "has_stick": "2024-09-06 02:19:03 +0000"
    },
    "done": true
  },
  "mcda:recipes/crafting_items/fabric_bolt_cyan": {
    "criteria": {
      "has_stick": "2024-09-06 02:19:03 +0000"
    },
    "done": true
  },
  "betterend:recipes/redstone/lacugrove_gate": {
    "criteria": {
      "has_stick": "2024-09-06 02:19:03 +0000"
    },
    "done": true
  },
  "betternether:recipes/decorations/mangrove_bar_stool": {
    "criteria": {
      "has_stick": "2024-09-06 02:19:03 +0000"
    },
    "done": true
  },
  "betterend:recipes/decorations/pythadendron_bar_stool": {
    "criteria": {
      "has_stick": "2024-09-06 02:19:03 +0000"
    },
    "done": true
  },
  "betternether:recipes/decorations/rubeus_sign": {
    "criteria": {
      "has_stick": "2024-09-06 02:19:03 +0000"
    },
    "done": true
  },
  "betterend:recipes/misc/terminite_sword_handle": {
    "criteria": {
      "has_item.minecraft.stick": "2024-09-06 02:19:03 +0000"
    },
    "done": true
  },
  "betterend:recipes/misc/thallasium_sword_handle": {
    "criteria": {
      "has_item.minecraft.stick": "2024-09-06 02:19:03 +0000"
    },
    "done": true
  },
  "betternether:recipes/decorations/acacia_bar_stool": {
    "criteria": {
      "has_stick": "2024-09-06 02:19:03 +0000"
    },
    "done": true
  },
  "mcda:recipes/crafting_items/fabric_bolt_white": {
    "criteria": {
      "has_stick": "2024-09-06 02:19:03 +0000"
    },
    "done": true
  },
  "betterend:recipes/decorations/jellyshroom_ladder": {
    "criteria": {
      "has_stick": "2024-09-06 02:19:03 +0000"
    },
    "done": true
  },
  "betterend:recipes/misc/copy_thallasium_upgrade": {
    "criteria": {
      "has_stick": "2024-09-06 02:19:03 +0000"
    },
    "done": true
  },
  "betternether:recipes/decorations/willow_bar_stool": {
    "criteria": {
      "has_stick": "2024-09-06 02:19:03 +0000"
    },
    "done": true
  },
  "betternether:recipes/decorations/rubeus_fence": {
    "criteria": {
      "has_stick": "2024-09-06 02:19:03 +0000"
    },
    "done": true
  },
  "mcda:recipes/crafting_items/fabric_bolt_pink": {
    "criteria": {
      "has_stick": "2024-09-06 02:19:03 +0000"
    },
    "done": true
  },
  "betternether:recipes/decorations/nether_reed_chair": {
    "criteria": {
      "has_stick": "2024-09-06 02:19:03 +0000"
    },
    "done": true
  },
  "betterend:recipes/decorations/end_lotus_fence": {
    "criteria": {
      "has_stick": "2024-09-06 02:19:03 +0000"
    },
    "done": true
  },
  "betternether:recipes/redstone/wart_gate": {
    "criteria": {
      "has_stick": "2024-09-06 02:19:03 +0000"
    },
    "done": true
  },
  "betternether:recipes/decorations/nether_sakura_taburet": {
    "criteria": {
      "has_stick": "2024-09-06 02:19:03 +0000"
    },
    "done": true
  },
  "betterend:recipes/redstone/jellyshroom_gate": {
    "criteria": {
      "has_stick": "2024-09-06 02:19:03 +0000"
    },
    "done": true
  },
  "minecraft:recipes/tools/wooden_pickaxe": {
    "criteria": {
      "has_stick": "2024-09-06 02:19:03 +0000"
    },
    "done": true
  },
  "betternether:recipes/decorations/jungle_taburet": {
    "criteria": {
      "has_stick": "2024-09-06 02:19:03 +0000"
    },
    "done": true
  },
  "betternether:recipes/decorations/stalagnate_sign": {
    "criteria": {
      "has_stick": "2024-09-06 02:19:03 +0000"
    },
    "done": true
  },
  "betternether:recipes/decorations/anchor_tree_fence": {
    "criteria": {
      "has_stick": "2024-09-06 02:19:03 +0000"
    },
    "done": true
  },
  "betterend:recipes/decorations/jellyshroom_taburet": {
    "criteria": {
      "has_stick": "2024-09-06 02:19:03 +0000"
    },
    "done": true
  },
  "betternether:recipes/decorations/nether_mushroom_fence": {
    "criteria": {
      "has_stick": "2024-09-06 02:19:03 +0000"
    },
    "done": true
  },
  "betternether:recipes/decorations/nether_sakura_sign": {
    "criteria": {
      "has_stick": "2024-09-06 02:19:03 +0000"
    },
    "done": true
  },
  "betternether:recipes/decorations/rubeus_bar_stool": {
    "criteria": {
      "has_stick": "2024-09-06 02:19:03 +0000"
    },
    "done": true
  },
  "betternether:recipes/decorations/wart_chair": {
    "criteria": {
      "has_stick": "2024-09-06 02:19:03 +0000"
    },
    "done": true
  },
  "betterend:recipes/decorations/jellyshroom_bar_stool": {
    "criteria": {
      "has_stick": "2024-09-06 02:19:03 +0000"
    },
    "done": true
  },
  "betterend:recipes/redstone/lucernia_gate": {
    "criteria": {
      "has_stick": "2024-09-06 02:19:03 +0000"
    },
    "done": true
  },
  "betterend:recipes/decorations/lucernia_taburet": {
    "criteria": {
      "has_stick": "2024-09-06 02:19:03 +0000"
    },
    "done": true
  },
  "betterend:recipes/misc/diamond_hammer": {
    "criteria": {
      "has_stick": "2024-09-06 02:19:03 +0000"
    },
    "done": true
  },
  "betternether:recipes/decorations/nether_mushroom_ladder": {
    "criteria": {
      "has_stick": "2024-09-06 02:19:03 +0000"
    },
    "done": true
  },
  "betterend:recipes/decorations/lacugrove_fence": {
    "criteria": {
      "has_stick": "2024-09-06 02:19:03 +0000"
    },
    "done": true
  },
  "betternether:recipes/decorations/nether_reed_taburet": {
    "criteria": {
      "has_stick": "2024-09-06 02:19:03 +0000"
    },
    "done": true
  },
  "betternether:recipes/decorations/stalagnate_fence": {
    "criteria": {
      "has_stick": "2024-09-06 02:19:03 +0000"
    },
    "done": true
  },
  "betternether:recipes/decorations/nether_mushroom_chair": {
    "criteria": {
      "has_stick": "2024-09-06 02:19:03 +0000"
    },
    "done": true
  },
  "betterend:recipes/redstone/dragon_tree_gate": {
    "criteria": {
      "has_stick": "2024-09-06 02:19:03 +0000"
    },
    "done": true
  },
  "betternether:recipes/decorations/nether_mushroom_sign": {
    "criteria": {
      "has_stick": "2024-09-06 02:19:03 +0000"
    },
    "done": true
  },
  "betternether:recipes/decorations/spruce_chair": {
    "criteria": {
      "has_stick": "2024-09-06 02:19:03 +0000"
    },
    "done": true
  },
  "betterend:recipes/decorations/umbrella_tree_bar_stool": {
    "criteria": {
      "has_stick": "2024-09-06 02:19:03 +0000"
    },
    "done": true
  },
  "betternether:recipes/decorations/mangrove_taburet": {
    "criteria": {
      "has_stick": "2024-09-06 02:19:03 +0000"
    },
    "done": true
  },
  "betternether:recipes/decorations/anchor_tree_ladder": {
    "criteria": {
      "has_stick": "2024-09-06 02:19:03 +0000"
    },
    "done": true
  },
  "betternether:recipes/transportation/activator_rail": {
    "criteria": {
      "has_stick": "2024-09-06 02:19:03 +0000"
    },
    "done": true
  },
  "betterend:recipes/decorations/umbrella_tree_taburet": {
    "criteria": {
      "has_stick": "2024-09-06 02:19:03 +0000"
    },
    "done": true
  },
  "betternether:recipes/decorations/cherry_chair": {
    "criteria": {
      "has_stick": "2024-09-06 02:19:03 +0000"
    },
    "done": true
  },
  "betternether:recipes/redstone/willow_gate": {
    "criteria": {
      "has_stick": "2024-09-06 02:19:03 +0000"
    },
    "done": true
  },
  "betterend:recipes/decorations/tenanea_ladder": {
    "criteria": {
      "has_stick": "2024-09-06 02:19:03 +0000"
    },
    "done": true
  },
  "mcda:recipes/crafting_items/fabric_bolt_light_gray": {
    "criteria": {
      "has_stick": "2024-09-06 02:19:03 +0000"
    },
    "done": true
  },
  "betterend:recipes/decorations/mossy_glowshroom_taburet": {
    "criteria": {
      "has_stick": "2024-09-06 02:19:03 +0000"
    },
    "done": true
  },
  "betterend:recipes/decorations/mossy_glowshroom_fence": {
    "criteria": {
      "has_stick": "2024-09-06 02:19:03 +0000"
    },
    "done": true
  },
  "betterend:recipes/decorations/mossy_glowshroom_ladder": {
    "criteria": {
      "has_stick": "2024-09-06 02:19:03 +0000"
    },
    "done": true
  },
  "betternether:recipes/decorations/willow_chair": {
    "criteria": {
      "has_stick": "2024-09-06 02:19:03 +0000"
    },
    "done": true
  },
  "betterend:recipes/decorations/dragon_tree_sign": {
    "criteria": {
      "has_stick": "2024-09-06 02:19:03 +0000"
    },
    "done": true
  },
  "betternether:recipes/decorations/spruce_bar_stool": {
    "criteria": {
      "has_stick": "2024-09-06 02:19:03 +0000"
    },
    "done": true
  },
  "betternether:recipes/decorations/taburet_cincinnasite": {
    "criteria": {
      "has_stick": "2024-09-06 02:19:03 +0000"
    },
    "done": true
  },
  "betternether:recipes/decorations/stalagnate_bar_stool": {
    "criteria": {
      "has_stick": "2024-09-06 02:19:03 +0000"
    },
    "done": true
  },
  "betternether:recipes/decorations/crimson_ladder": {
    "criteria": {
      "has_stick": "2024-09-06 02:19:03 +0000"
    },
    "done": true
  },
  "betterend:recipes/decorations/dragon_tree_chair": {
    "criteria": {
      "has_stick": "2024-09-06 02:19:03 +0000"
    },
    "done": true
  },
  "minecraft:recipes/building_blocks/packed_mud": {
    "criteria": {
      "has_mud": "2024-09-06 02:19:10 +0000"
    },
    "done": true
  },
  "minecraft:story/mine_stone": {
    "criteria": {
      "get_stone": "2024-09-06 02:19:14 +0000"
    },
    "done": true
  },
  "minecraft:recipes/decorations/furnace": {
    "criteria": {
      "has_cobblestone": "2024-09-06 02:19:14 +0000"
    },
    "done": true
  },
  "minecraft:recipes/building_blocks/cobblestone_slab_from_cobblestone_stonecutting": {
    "criteria": {
      "has_cobblestone": "2024-09-06 02:19:14 +0000"
    },
    "done": true
  },
  "minecraft:recipes/building_blocks/stone": {
    "criteria": {
      "has_cobblestone": "2024-09-06 02:19:14 +0000"
    },
    "done": true
  },
  "minecraft:recipes/tools/stone_pickaxe": {
    "criteria": {
      "has_cobblestone": "2024-09-06 02:19:14 +0000"
    },
    "done": true
  },
  "minecraft:recipes/building_blocks/cobblestone_slab": {
    "criteria": {
      "has_cobblestone": "2024-09-06 02:19:14 +0000"
    },
    "done": true
  },
  "minecraft:recipes/decorations/cobblestone_wall_from_cobblestone_stonecutting": {
    "criteria": {
      "has_cobblestone": "2024-09-06 02:19:14 +0000"
    },
    "done": true
  },
  "minecraft:recipes/building_blocks/cobblestone_stairs": {
    "criteria": {
      "has_cobblestone": "2024-09-06 02:19:14 +0000"
    },
    "done": true
  },
  "minecraft:recipes/tools/stone_shovel": {
    "criteria": {
      "has_cobblestone": "2024-09-06 02:19:14 +0000"
    },
    "done": true
  },
  "minecraft:recipes/redstone/lever": {
    "criteria": {
      "has_cobblestone": "2024-09-06 02:19:14 +0000"
    },
    "done": true
  },
  "minecraft:recipes/combat/stone_sword": {
    "criteria": {
      "has_cobblestone": "2024-09-06 02:19:14 +0000"
    },
    "done": true
  },
  "minecraft:recipes/decorations/cobblestone_wall": {
    "criteria": {
      "has_cobblestone": "2024-09-06 02:19:14 +0000"
    },
    "done": true
  },
  "minecraft:recipes/tools/stone_axe": {
    "criteria": {
      "has_cobblestone": "2024-09-06 02:19:14 +0000"
    },
    "done": true
  },
  "minecraft:recipes/building_blocks/cobblestone_stairs_from_cobblestone_stonecutting": {
    "criteria": {
      "has_cobblestone": "2024-09-06 02:19:14 +0000"
    },
    "done": true
  },
  "minecraft:recipes/tools/stone_hoe": {
    "criteria": {
      "has_cobblestone": "2024-09-06 02:19:14 +0000"
    },
    "done": true
  },
  "minecraft:recipes/decorations/torch": {
    "criteria": {
      "has_stone_pickaxe": "2024-09-06 02:19:55 +0000"
    },
    "done": true
  },
  "minecraft:story/upgrade_tools": {
    "criteria": {
      "stone_pickaxe": "2024-09-06 02:19:55 +0000"
    },
    "done": true
  },
  "minecraft:recipes/decorations/chest": {
    "criteria": {
      "has_lots_of_items": "2024-09-06 02:20:06 +0000"
    },
    "done": true
  },
  "betternether:recipes/misc/wall_red_brown": {
    "criteria": {
      "has_red_mushroom": "2024-09-06 02:21:49 +0000"
    },
    "done": true
  },
  "minecraft:recipes/misc/bowl": {
    "criteria": {
      "has_red_mushroom": "2024-09-06 02:21:49 +0000"
    },
    "done": true
  },
  "betternether:recipes/food/stalagnate_bowl_mushroom": {
    "criteria": {
      "has_red_mushroom": "2024-09-06 02:21:49 +0000"
    },
    "done": true
  },
  "minecraft:recipes/food/mushroom_stew": {
    "criteria": {
      "has_red_mushroom": "2024-09-06 02:21:49 +0000"
    },
    "done": true
  },
  "minecraft:recipes/building_blocks/muddy_mangrove_roots": {
    "criteria": {
      "has_mangrove_roots": "2024-09-06 02:22:14 +0000"
    },
    "done": true
  },
  "mutantmonsters:root": {
    "criteria": {
      "killed_something": "2024-09-06 02:23:16 +0000"
    },
    "done": true
  },
  "minecraft:adventure/root": {
    "criteria": {
      "killed_something": "2024-09-06 02:23:16 +0000"
    },
    "done": true
  },
  "mcda:recipes/upgrade_cores/upgrade_core_verdant": {
    "criteria": {
      "has_core_specification_item": "2024-09-06 02:25:11 +0000"
    },
    "done": true
  },
  "minecraft:recipes/decorations/composter": {
    "criteria": {
      "has_wood_slab": "2024-09-06 02:26:51 +0000"
    },
    "done": true
  },
  "minecraft:husbandry/root": {
    "criteria": {
      "consumed_item": "2024-09-06 02:34:17 +0000"
    },
    "done": true
  },
  "minecraft:husbandry/balanced_diet": {
    "criteria": {
      "apple": "2024-09-06 02:34:17 +0000"
    },
    "done": false
  },
  "minecraft:adventure/kill_all_mobs": {
    "criteria": {
      "minecraft:skeleton": "2024-09-06 18:05:55 +0000",
      "minecraft:spider": "2024-09-06 18:36:18 +0000",
      "minecraft:zombie": "2024-09-06 02:34:51 +0000"
    },
    "done": false
  },
  "minecraft:adventure/kill_a_mob": {
    "criteria": {
      "minecraft:zombie": "2024-09-06 02:34:51 +0000"
    },
    "done": true
  },
  "mcdw:recipes/double_axes/double_axe_cursed": {
    "criteria": {
      "has_rotten_flesh": "2024-09-06 02:36:50 +0000"
    },
    "done": true
  },
  "mcda:recipes/crafting_items/glut_charm": {
    "criteria": {
      "has_rotten_flesh": "2024-09-06 02:36:50 +0000"
    },
    "done": true
  },
  "1_splatus:ultris/technical/used_shield": {
    "criteria": {
      "requirement": "2024-09-06 02:44:37 +0000"
    },
    "done": true
  },
  "hybrid-aquatic:recipes/food/raw_lobster": {
    "criteria": {
      "has_fiddler_crab_claw": "2024-09-06 17:51:30 +0000"
    },
    "done": true
  },
  "hybrid-aquatic:recipes/tools/ominous_hook": {
    "criteria": {
      "has_fiddler_crab_claw": "2024-09-06 17:51:30 +0000"
    },
    "done": true
  },
  "hybrid-aquatic:recipes/food/raw_crab": {
    "criteria": {
      "has_fiddler_crab_claw": "2024-09-06 17:51:30 +0000"
    },
    "done": true
  },
  "minecraft:recipes/decorations/fletching_table": {
    "criteria": {
      "has_flint": "2024-09-06 17:53:05 +0000"
    },
    "done": true
  },
  "minecraft:recipes/combat/arrow": {
    "criteria": {
      "has_flint": "2024-09-06 17:53:05 +0000"
    },
    "done": true
  },
  "minecraft:recipes/tools/flint_and_steel": {
    "criteria": {
      "has_flint": "2024-09-06 17:53:05 +0000"
    },
    "done": true
  },
  "minecraft:recipes/building_blocks/red_concrete_powder": {
    "criteria": {
      "has_gravel": "2024-09-06 17:53:06 +0000"
    },
    "done": true
  },
  "minecraft:recipes/building_blocks/green_concrete_powder": {
    "criteria": {
      "has_gravel": "2024-09-06 17:53:06 +0000"
    },
    "done": true
  },
  "minecraft:recipes/building_blocks/blue_concrete_powder": {
    "criteria": {
      "has_gravel": "2024-09-06 17:53:06 +0000"
    },
    "done": true
  },
  "minecraft:recipes/building_blocks/lime_concrete_powder": {
    "criteria": {
      "has_gravel": "2024-09-06 17:53:06 +0000"
    },
    "done": true
  },
  "minecraft:recipes/building_blocks/orange_concrete_powder": {
    "criteria": {
      "has_gravel": "2024-09-06 17:53:06 +0000"
    },
    "done": true
  },
  "minecraft:recipes/building_blocks/magenta_concrete_powder": {
    "criteria": {
      "has_gravel": "2024-09-06 17:53:06 +0000"
    },
    "done": true
  },
  "minecraft:recipes/building_blocks/black_concrete_powder": {
    "criteria": {
      "has_gravel": "2024-09-06 17:53:06 +0000"
    },
    "done": true
  },
  "minecraft:recipes/building_blocks/purple_concrete_powder": {
    "criteria": {
      "has_gravel": "2024-09-06 17:53:06 +0000"
    },
    "done": true
  },
  "minecraft:recipes/building_blocks/cyan_concrete_powder": {
    "criteria": {
      "has_gravel": "2024-09-06 17:53:06 +0000"
    },
    "done": true
  },
  "minecraft:recipes/building_blocks/coarse_dirt": {
    "criteria": {
      "has_gravel": "2024-09-06 17:53:06 +0000"
    },
    "done": true
  },
  "minecraft:recipes/building_blocks/light_gray_concrete_powder": {
    "criteria": {
      "has_gravel": "2024-09-06 17:53:06 +0000"
    },
    "done": true
  },
  "minecraft:recipes/building_blocks/pink_concrete_powder": {
    "criteria": {
      "has_gravel": "2024-09-06 17:53:06 +0000"
    },
    "done": true
  },
  "minecraft:recipes/building_blocks/brown_concrete_powder": {
    "criteria": {
      "has_gravel": "2024-09-06 17:53:06 +0000"
    },
    "done": true
  },
  "minecraft:recipes/building_blocks/light_blue_concrete_powder": {
    "criteria": {
      "has_gravel": "2024-09-06 17:53:06 +0000"
    },
    "done": true
  },
  "minecraft:recipes/building_blocks/white_concrete_powder": {
    "criteria": {
      "has_gravel": "2024-09-06 17:53:06 +0000"
    },
    "done": true
  },
  "minecraft:recipes/building_blocks/yellow_concrete_powder": {
    "criteria": {
      "has_gravel": "2024-09-06 17:53:06 +0000"
    },
    "done": true
  },
  "minecraft:recipes/building_blocks/gray_concrete_powder": {
    "criteria": {
      "has_gravel": "2024-09-06 17:53:06 +0000"
    },
    "done": true
  },
  "minecraft:recipes/building_blocks/andesite_stairs": {
    "criteria": {
      "has_andesite": "2024-09-06 17:53:22 +0000"
    },
    "done": true
  },
  "minecraft:recipes/building_blocks/polished_andesite_from_andesite_stonecutting": {
    "criteria": {
      "has_andesite": "2024-09-06 17:53:22 +0000"
    },
    "done": true
  },
  "minecraft:recipes/building_blocks/polished_andesite_stairs_from_andesite_stonecutting": {
    "criteria": {
      "has_andesite": "2024-09-06 17:53:22 +0000"
    },
    "done": true
  },
  "minecraft:recipes/decorations/andesite_wall_from_andesite_stonecutting": {
    "criteria": {
      "has_andesite": "2024-09-06 17:53:22 +0000"
    },
    "done": true
  },
  "minecraft:recipes/building_blocks/polished_andesite_slab_from_andesite_stonecutting": {
    "criteria": {
      "has_andesite": "2024-09-06 17:53:22 +0000"
    },
    "done": true
  },
  "minecraft:recipes/building_blocks/andesite_slab_from_andesite_stonecutting": {
    "criteria": {
      "has_andesite": "2024-09-06 17:53:22 +0000"
    },
    "done": true
  },
  "minecraft:recipes/building_blocks/andesite_stairs_from_andesite_stonecutting": {
    "criteria": {
      "has_andesite": "2024-09-06 17:53:22 +0000"
    },
    "done": true
  },
  "minecraft:recipes/building_blocks/polished_andesite": {
    "criteria": {
      "has_andesite": "2024-09-06 17:53:22 +0000"
    },
    "done": true
  },
  "minecraft:recipes/decorations/andesite_wall": {
    "criteria": {
      "has_andesite": "2024-09-06 17:53:22 +0000"
    },
    "done": true
  },
  "minecraft:recipes/building_blocks/andesite_slab": {
    "criteria": {
      "has_andesite": "2024-09-06 17:53:22 +0000"
    },
    "done": true
  },
  "minecraft:recipes/misc/copper_ingot_from_blasting_raw_copper": {
    "criteria": {
      "has_raw_copper": "2024-09-06 17:53:25 +0000"
    },
    "done": true
  },
  "minecraft:recipes/building_blocks/raw_copper_block": {
    "criteria": {
      "has_raw_copper": "2024-09-06 17:53:25 +0000"
    },
    "done": true
  },
  "minecraft:recipes/misc/copper_ingot_from_smelting_raw_copper": {
    "criteria": {
      "has_raw_copper": "2024-09-06 17:53:25 +0000"
    },
    "done": true
  },
  "minecraft:recipes/building_blocks/raw_iron_block": {
    "criteria": {
      "has_raw_iron": "2024-09-06 17:54:28 +0000"
    },
    "done": true
  },
  "minecraft:recipes/misc/iron_ingot_from_blasting_raw_iron": {
    "criteria": {
      "has_raw_iron": "2024-09-06 17:54:28 +0000"
    },
    "done": true
  },
  "minecraft:recipes/misc/iron_ingot_from_smelting_raw_iron": {
    "criteria": {
      "has_raw_iron": "2024-09-06 17:54:28 +0000"
    },
    "done": true
  },
  "travelersbackpack:recipes/misc/coal": {
    "criteria": {
      "has_coal": "2024-09-06 17:55:10 +0000"
    },
    "done": true
  },
  "minecraft:recipes/building_blocks/coal_block": {
    "criteria": {
      "has_coal": "2024-09-06 17:55:10 +0000"
    },
    "done": true
  },
  "betternether:recipes/building_blocks/whispering_gourd_lantern": {
    "criteria": {
      "has_torch": "2024-09-06 17:55:18 +0000"
    },
    "done": true
  },
  "mcda:recipes/base_armors/spelunker_armor_helmet": {
    "criteria": {
      "has_torch": "2024-09-06 17:55:18 +0000"
    },
    "done": true
  },
  "betterend:recipes/misc/end_stone_smelter": {
    "criteria": {
      "has_tag_c_furnaces": "2024-09-06 17:58:46 +0000"
    },
    "done": true
  },
  "minecraft:recipes/decorations/smoker": {
    "criteria": {
      "has_furnace": "2024-09-06 17:58:46 +0000"
    },
    "done": true
  },
  "iceandfire:recipes/tools/silver_ingot_from_smelting_raw_silver": {
    "criteria": {
      "has_raw_silver": "2024-09-06 17:59:11 +0000"
    },
    "done": true
  },
  "iceandfire:recipes/building_blocks/raw_silver_to_raw_silver_block": {
    "criteria": {
      "has_raw_silver": "2024-09-06 17:59:11 +0000"
    },
    "done": true
  },
  "iceandfire:recipes/tools/silver_ingot_from_blasting_raw_silver": {
    "criteria": {
      "has_raw_silver": "2024-09-06 17:59:11 +0000"
    },
    "done": true
  },
  "mcda:recipes/base_armors/guards_armor_chestplate": {
    "criteria": {
      "has_iron_ingot": "2024-09-06 18:03:26 +0000"
    },
    "done": true
  },
  "mcda:recipes/base_armors/goat_gear_helmet": {
    "criteria": {
      "has_iron_ingot": "2024-09-06 18:03:26 +0000"
    },
    "done": true
  },
  "mcda:recipes/base_armors/vanguard_armor_helmet": {
    "criteria": {
      "has_iron_ingot": "2024-09-06 18:03:26 +0000"
    },
    "done": true
  },
  "mcda:recipes/base_armors/mystery_armor_blue_leggings": {
    "criteria": {
      "has_iron_ingot": "2024-09-06 18:03:26 +0000"
    },
    "done": true
  },
  "bclib:recipes/tools/tag_compass": {
    "criteria": {
      "has_tag_c_iron_ingots": "2024-09-06 18:03:26 +0000"
    },
    "done": true
  },
  "mcda:recipes/base_armors/thief_armor_chestplate": {
    "criteria": {
      "has_iron_ingot": "2024-09-06 18:03:26 +0000"
    },
    "done": true
  },
  "mcda:recipes/base_armors/mystery_armor_white_boots": {
    "criteria": {
      "has_iron_ingot": "2024-09-06 18:03:26 +0000"
    },
    "done": true
  },
  "mcdw:recipes/crossbows/crossbow_slayer": {
    "criteria": {
      "has_iron_ingot": "2024-09-06 18:03:26 +0000"
    },
    "done": true
  },
  "mcdw:recipes/bows/bow_green_menace": {
    "criteria": {
      "has_iron_ingot": "2024-09-06 18:03:26 +0000"
    },
    "done": true
  },
  "mcda:recipes/base_armors/mystery_armor_red_boots": {
    "criteria": {
      "has_iron_ingot": "2024-09-06 18:03:26 +0000"
    },
    "done": true
  },
  "mcda:recipes/base_armors/ghostly_boots": {
    "criteria": {
      "has_iron_ingot": "2024-09-06 18:03:26 +0000"
    },
    "done": true
  },
  "mcda:recipes/base_armors/mystery_armor_blue_helmet": {
    "criteria": {
      "has_iron_ingot": "2024-09-06 18:03:26 +0000"
    },
    "done": true
  },
  "mcda:recipes/base_armors/emerald_gear_chestplate": {
    "criteria": {
      "has_iron_ingot": "2024-09-06 18:03:26 +0000"
    },
    "done": true
  },
  "mcda:recipes/base_armors/mystery_armor_blue_boots": {
    "criteria": {
      "has_iron_ingot": "2024-09-06 18:03:26 +0000"
    },
    "done": true
  },
  "travelersbackpack:recipes/misc/backpack_tank": {
    "criteria": {
      "has_iron": "2024-09-06 18:03:26 +0000"
    },
    "done": true
  },
  "mcda:recipes/base_armors/mystery_armor_purple_boots": {
    "criteria": {
      "has_iron_ingot": "2024-09-06 18:03:26 +0000"
    },
    "done": true
  },
  "mcdw:recipes/bows/bow_twin_bow": {
    "criteria": {
      "has_iron_ingot": "2024-09-06 18:03:26 +0000"
    },
    "done": true
  },
  "minecraft:recipes/combat/iron_helmet": {
    "criteria": {
      "has_iron_ingot": "2024-09-06 18:03:26 +0000"
    },
    "done": true
  },
  "mcda:recipes/base_armors/dark_armor_leggings": {
    "criteria": {
      "has_iron_ingot": "2024-09-06 18:03:26 +0000"
    },
    "done": true
  },
  "mcda:recipes/base_armors/spelunker_armor_chestplate": {
    "criteria": {
      "has_iron_ingot": "2024-09-06 18:03:26 +0000"
    },
    "done": true
  },
  "minecraft:recipes/tools/shears": {
    "criteria": {
      "has_iron_ingot": "2024-09-06 18:03:26 +0000"
    },
    "done": true
  },
  "mcdw:recipes/bows/bow_wind_bow": {
    "criteria": {
      "has_iron_ingot": "2024-09-06 18:03:26 +0000"
    },
    "done": true
  },
  "mcdw:recipes/shields/shield_royal_guard": {
    "criteria": {
      "has_iron_ingot": "2024-09-06 18:03:26 +0000"
    },
    "done": true
  },
  "minecraft:recipes/building_blocks/iron_block": {
    "criteria": {
      "has_iron_ingot": "2024-09-06 18:03:26 +0000"
    },
    "done": true
  },
  "mcda:recipes/base_armors/mystery_armor_white_chestplate": {
    "criteria": {
      "has_iron_ingot": "2024-09-06 18:03:26 +0000"
    },
    "done": true
  },
  "mcdw:recipes/shields/shield_tower_guard": {
    "criteria": {
      "has_iron_ingot": "2024-09-06 18:03:26 +0000"
    },
    "done": true
  },
  "mcdw:recipes/crossbows/crossbow_burst": {
    "criteria": {
      "has_iron_ingot": "2024-09-06 18:03:26 +0000"
    },
    "done": true
  },
  "mcdw:recipes/axes/axe_firebrand": {
    "criteria": {
      "has_iron_ingot": "2024-09-06 18:03:26 +0000"
    },
    "done": true
  },
  "mcda:recipes/base_armors/thief_armor_helmet": {
    "criteria": {
      "has_iron_ingot": "2024-09-06 18:03:26 +0000"
    },
    "done": true
  },
  "mcda:recipes/base_armors/mystery_armor_green_leggings": {
    "criteria": {
      "has_iron_ingot": "2024-09-06 18:03:26 +0000"
    },
    "done": true
  },
  "minecraft:recipes/redstone/hopper": {
    "criteria": {
      "has_iron_ingot": "2024-09-06 18:03:26 +0000"
    },
    "done": true
  },
  "travelersbackpack:recipes/misc/iron": {
    "criteria": {
      "has_iron_ingot": "2024-09-06 18:03:26 +0000"
    },
    "done": true
  },
  "mcda:recipes/base_armors/mystery_armor_white_leggings": {
    "criteria": {
      "has_iron_ingot": "2024-09-06 18:03:26 +0000"
    },
    "done": true
  },
  "mcda:recipes/crafting_items/iron_plate": {
    "criteria": {
      "has_iron_ingot": "2024-09-06 18:03:26 +0000"
    },
    "done": true
  },
  "mcda:recipes/base_armors/mystery_armor_red_chestplate": {
    "criteria": {
      "has_iron_ingot": "2024-09-06 18:03:26 +0000"
    },
    "done": true
  },
  "minecraft:recipes/combat/iron_boots": {
    "criteria": {
      "has_iron_ingot": "2024-09-06 18:03:26 +0000"
    },
    "done": true
  },
  "mcdw:recipes/swords/sword_rapier": {
    "criteria": {
      "has_iron_ingot": "2024-09-06 18:03:26 +0000"
    },
    "done": true
  },
  "minecraft:recipes/decorations/lantern": {
    "criteria": {
      "has_iron_ingot": "2024-09-06 18:03:26 +0000"
    },
    "done": true
  },
  "mcdw:recipes/axes/axe_highland": {
    "criteria": {
      "has_iron_ingot": "2024-09-06 18:03:26 +0000"
    },
    "done": true
  },
  "mcda:recipes/base_armors/vanguard_armor_chestplate": {
    "criteria": {
      "has_iron_ingot": "2024-09-06 18:03:26 +0000"
    },
    "done": true
  },
  "mcda:recipes/base_armors/battle_robe_chestplate": {
    "criteria": {
      "has_iron_ingot": "2024-09-06 18:03:26 +0000"
    },
    "done": true
  },
  "mcda:recipes/base_armors/mystery_armor_green_boots": {
    "criteria": {
      "has_iron_ingot": "2024-09-06 18:03:26 +0000"
    },
    "done": true
  },
  "bclib:recipes/transportation/tag_minecart": {
    "criteria": {
      "has_tag_c_iron_ingots": "2024-09-06 18:03:26 +0000"
    },
    "done": true
  },
  "minecraft:recipes/tools/iron_shovel": {
    "criteria": {
      "has_iron_ingot": "2024-09-06 18:03:26 +0000"
    },
    "done": true
  },
  "mcdw:recipes/shortbows/bow_mechanical_shortbow": {
    "criteria": {
      "has_iron_ingot": "2024-09-06 18:03:26 +0000"
    },
    "done": true
  },
  "mcdw:recipes/bows/bow_haunted_bow": {
    "criteria": {
      "has_iron_ingot": "2024-09-06 18:03:26 +0000"
    },
    "done": true
  },
  "mcdw:recipes/sickles/sickle_nightmares_bite": {
    "criteria": {
      "has_iron_ingot": "2024-09-06 18:03:26 +0000"
    },
    "done": true
  },
  "bclib:recipes/misc/tag_bucket": {
    "criteria": {
      "has_tag_c_iron_ingots": "2024-09-06 18:03:26 +0000"
    },
    "done": true
  },
  "mcdw:recipes/bows/bow_sabrewing": {
    "criteria": {
      "has_iron_ingot": "2024-09-06 18:03:26 +0000"
    },
    "done": true
  },
  "mcda:recipes/base_armors/ghostly_leggings": {
    "criteria": {
      "has_iron_ingot": "2024-09-06 18:03:26 +0000"
    },
    "done": true
  },
  "mcda:recipes/base_armors/piglin_armor_chestplate": {
    "criteria": {
      "has_iron_ingot": "2024-09-06 18:03:26 +0000"
    },
    "done": true
  },
  "mcdw:recipes/bows/bow_echo_of_the_valley": {
    "criteria": {
      "has_iron_ingot": "2024-09-06 18:03:26 +0000"
    },
    "done": true
  },
  "mcdw:recipes/swords/sword_katana": {
    "criteria": {
      "has_iron_ingot": "2024-09-06 18:03:26 +0000"
    },
    "done": true
  },
  "mcda:recipes/base_armors/dark_armor_chestplate": {
    "criteria": {
      "has_iron_ingot": "2024-09-06 18:03:26 +0000"
    },
    "done": true
  },
  "mcda:recipes/base_armors/dark_armor_helmet": {
    "criteria": {
      "has_iron_ingot": "2024-09-06 18:03:26 +0000"
    },
    "done": true
  },
  "minecraft:recipes/redstone/iron_trapdoor": {
    "criteria": {
      "has_iron_ingot": "2024-09-06 18:03:26 +0000"
    },
    "done": true
  },
  "mcdw:recipes/sickles/sickle_last_laugh_silver": {
    "criteria": {
      "has_iron_ingot": "2024-09-06 18:03:26 +0000"
    },
    "done": true
  },
  "minecraft:recipes/combat/crossbow": {
    "criteria": {
      "has_iron_ingot": "2024-09-06 18:03:26 +0000"
    },
    "done": true
  },
  "mcdw:recipes/sickles/sickle_sickle": {
    "criteria": {
      "has_iron_ingot": "2024-09-06 18:03:26 +0000"
    },
    "done": true
  },
  "mcdw:recipes/crossbows/crossbow_heavy": {
    "criteria": {
      "has_iron_ingot": "2024-09-06 18:03:26 +0000"
    },
    "done": true
  },
  "wilderwild:recipes/decorations/display_lantern": {
    "criteria": {
      "has_iron_ingot": "2024-09-06 18:03:26 +0000"
    },
    "done": true
  },
  "mcdw:recipes/bows/bow_power_bow": {
    "criteria": {
      "has_iron_ingot": "2024-09-06 18:03:26 +0000"
    },
    "done": true
  },
  "mcdw:recipes/spears/spear_whispering_spear": {
    "criteria": {
      "has_iron_ingot": "2024-09-06 18:03:26 +0000"
    },
    "done": true
  },
  "mcdw:recipes/crossbows/crossbow_veiled_crossbow": {
    "criteria": {
      "has_iron_ingot": "2024-09-06 18:03:26 +0000"
    },
    "done": true
  },
  "mcdw:recipes/bows/bow_nocturnal_bow": {
    "criteria": {
      "has_iron_ingot": "2024-09-06 18:03:26 +0000"
    },
    "done": true
  },
  "mcdw:recipes/shortbows/bow_purple_storm": {
    "criteria": {
      "has_iron_ingot": "2024-09-06 18:03:26 +0000"
    },
    "done": true
  },
  "minecraft:recipes/redstone/heavy_weighted_pressure_plate": {
    "criteria": {
      "has_iron_ingot": "2024-09-06 18:03:26 +0000"
    },
    "done": true
  },
  "mcda:recipes/base_armors/emerald_gear_leggings": {
    "criteria": {
      "has_iron_ingot": "2024-09-06 18:03:26 +0000"
    },
    "done": true
  },
  "mcda:recipes/base_armors/guards_armor_helmet": {
    "criteria": {
      "has_iron_ingot": "2024-09-06 18:03:26 +0000"
    },
    "done": true
  },
  "mcdw:recipes/crossbows/crossbow_auto": {
    "criteria": {
      "has_iron_ingot": "2024-09-06 18:03:26 +0000"
    },
    "done": true
  },
  "minecraft:recipes/combat/iron_leggings": {
    "criteria": {
      "has_iron_ingot": "2024-09-06 18:03:26 +0000"
    },
    "done": true
  },
  "mcdw:recipes/crossbows/crossbow_butterfly": {
    "criteria": {
      "has_iron_ingot": "2024-09-06 18:03:26 +0000"
    },
    "done": true
  },
  "mcdw:recipes/staves/staff_battlestaff_of_terror": {
    "criteria": {
      "has_iron_ingot": "2024-09-06 18:03:26 +0000"
    },
    "done": true
  },
  "mcdw:recipes/crossbows/crossbow_slicer": {
    "criteria": {
      "has_iron_ingot": "2024-09-06 18:03:26 +0000"
    },
    "done": true
  },
  "minecraft:recipes/combat/iron_chestplate": {
    "criteria": {
      "has_iron_ingot": "2024-09-06 18:03:26 +0000"
    },
    "done": true
  },
  "mcdw:recipes/daggers/dagger_dagger": {
    "criteria": {
      "has_iron_ingot": "2024-09-06 18:03:26 +0000"
    },
    "done": true
  },
  "betterend:recipes/misc/copy_plate_upgrade": {
    "criteria": {
      "has_iron_ingot": "2024-09-06 18:03:26 +0000"
    },
    "done": true
  },
  "betterend:recipes/misc/iron_chandelier": {
    "criteria": {
      "has_iron_ingot": "2024-09-06 18:03:26 +0000"
    },
    "done": true
  },
  "minecraft:recipes/misc/iron_nugget": {
    "criteria": {
      "has_iron_ingot": "2024-09-06 18:03:26 +0000"
    },
    "done": true
  },
  "mcda:recipes/base_armors/mystery_armor_purple_helmet": {
    "criteria": {
      "has_iron_ingot": "2024-09-06 18:03:26 +0000"
    },
    "done": true
  },
  "minecraft:recipes/misc/bucket": {
    "criteria": {
      "has_iron_ingot": "2024-09-06 18:03:26 +0000"
    },
    "done": true
  },
  "mcda:recipes/base_armors/dark_armor_boots": {
    "criteria": {
      "has_iron_ingot": "2024-09-06 18:03:26 +0000"
    },
    "done": true
  },
  "minecraft:recipes/transportation/minecart": {
    "criteria": {
      "has_iron_ingot": "2024-09-06 18:03:26 +0000"
    },
    "done": true
  },
  "mcda:recipes/base_armors/mystery_armor_green_helmet": {
    "criteria": {
      "has_iron_ingot": "2024-09-06 18:03:26 +0000"
    },
    "done": true
  },
  "minecraft:recipes/tools/iron_hoe": {
    "criteria": {
      "has_iron_ingot": "2024-09-06 18:03:26 +0000"
    },
    "done": true
  },
  "mcda:recipes/base_armors/mystery_armor_red_leggings": {
    "criteria": {
      "has_iron_ingot": "2024-09-06 18:03:26 +0000"
    },
    "done": true
  },
  "mcda:recipes/base_armors/mystery_armor_purple_leggings": {
    "criteria": {
      "has_iron_ingot": "2024-09-06 18:03:26 +0000"
    },
    "done": true
  },
  "mcdw:recipes/bows/bow_trickbow": {
    "criteria": {
      "has_iron_ingot": "2024-09-06 18:03:26 +0000"
    },
    "done": true
  },
  "mcdw:recipes/scythes/scythe_soul_scythe": {
    "criteria": {
      "has_iron_ingot": "2024-09-06 18:03:26 +0000"
    },
    "done": true
  },
  "minecraft:story/smelt_iron": {
    "criteria": {
      "iron": "2024-09-06 18:03:26 +0000"
    },
    "done": true
  },
  "mcdw:recipes/daggers/dagger_moon": {
    "criteria": {
      "has_iron_ingot": "2024-09-06 18:03:26 +0000"
    },
    "done": true
  },
  "minecraft:recipes/decorations/chain": {
    "criteria": {
      "has_iron_ingot": "2024-09-06 18:03:26 +0000"
    },
    "done": true
  },
  "mcda:recipes/base_armors/spelunker_armor_boots": {
    "criteria": {
      "has_iron_ingot": "2024-09-06 18:03:26 +0000"
    },
    "done": true
  },
  "mcdw:recipes/swords/sword_great_axeblade": {
    "criteria": {
      "has_iron_ingot": "2024-09-06 18:03:26 +0000"
    },
    "done": true
  },
  "mcdw:recipes/swords/sword_cutlass": {
    "criteria": {
      "has_iron_ingot": "2024-09-06 18:03:26 +0000"
    },
    "done": true
  },
  "minecraft:recipes/decorations/smithing_table": {
    "criteria": {
      "has_iron_ingot": "2024-09-06 18:03:26 +0000"
    },
    "done": true
  },
  "mcdw:recipes/bows/bow_elite_power_bow": {
    "criteria": {
      "has_iron_ingot": "2024-09-06 18:03:26 +0000"
    },
    "done": true
  },
  "mcdw:recipes/longbows/bow_guardian_bow": {
    "criteria": {
      "has_iron_ingot": "2024-09-06 18:03:26 +0000"
    },
    "done": true
  },
  "mcdw:recipes/crossbows/crossbow_voidcaller_crossbow": {
    "criteria": {
      "has_iron_ingot": "2024-09-06 18:03:26 +0000"
    },
    "done": true
  },
  "mcda:recipes/base_armors/spelunker_armor_leggings": {
    "criteria": {
      "has_iron_ingot": "2024-09-06 18:03:26 +0000"
    },
    "done": true
  },
  "minecraft:recipes/combat/iron_sword": {
    "criteria": {
      "has_iron_ingot": "2024-09-06 18:03:26 +0000"
    },
    "done": true
  },
  "minecraft:recipes/tools/iron_pickaxe": {
    "criteria": {
      "has_iron_ingot": "2024-09-06 18:03:26 +0000"
    },
    "done": true
  },
  "mcda:recipes/base_armors/mystery_armor_green_chestplate": {
    "criteria": {
      "has_iron_ingot": "2024-09-06 18:03:26 +0000"
    },
    "done": true
  },
  "minecraft:recipes/combat/shield": {
    "criteria": {
      "has_iron_ingot": "2024-09-06 18:03:26 +0000"
    },
    "done": true
  },
  "betterend:recipes/misc/iron_bulb_lantern": {
    "criteria": {
      "has_iron_ingot": "2024-09-06 18:03:26 +0000"
    },
    "done": true
  },
  "minecraft:recipes/decorations/iron_bars": {
    "criteria": {
      "has_iron_ingot": "2024-09-06 18:03:26 +0000"
    },
    "done": true
  },
  "travelersbackpack:recipes/misc/iron_tier_upgrade": {
    "criteria": {
      "has_iron_ingot": "2024-09-06 18:03:26 +0000"
    },
    "done": true
  },
  "mcda:recipes/base_armors/ghostly_chestplate": {
    "criteria": {
      "has_iron_ingot": "2024-09-06 18:03:26 +0000"
    },
    "done": true
  },
  "travelersbackpack:recipes/misc/hose_nozzle": {
    "criteria": {
      "has_iron": "2024-09-06 18:03:26 +0000"
    },
    "done": true
  },
  "mcda:recipes/base_armors/mystery_armor_purple_chestplate": {
    "criteria": {
      "has_iron_ingot": "2024-09-06 18:03:26 +0000"
    },
    "done": true
  },
  "mcdw:recipes/axes/axe_anchor": {
    "criteria": {
      "has_iron_ingot": "2024-09-06 18:03:26 +0000"
    },
    "done": true
  },
  "mcdw:recipes/longbows/bow_red_snake": {
    "criteria": {
      "has_iron_ingot": "2024-09-06 18:03:26 +0000"
    },
    "done": true
  },
  "mcdw:recipes/daggers/dagger_tempest_knife": {
    "criteria": {
      "has_iron_ingot": "2024-09-06 18:03:26 +0000"
    },
    "done": true
  },
  "mcda:recipes/base_armors/mystery_armor_white_helmet": {
    "criteria": {
      "has_iron_ingot": "2024-09-06 18:03:26 +0000"
    },
    "done": true
  },
  "mcda:recipes/base_armors/thief_armor_leggings": {
    "criteria": {
      "has_iron_ingot": "2024-09-06 18:03:26 +0000"
    },
    "done": true
  },
  "mcdw:recipes/scythes/scythe_jailors_scythe": {
    "criteria": {
      "has_iron_ingot": "2024-09-06 18:03:26 +0000"
    },
    "done": true
  },
  "mcda:recipes/base_armors/emerald_gear_boots": {
    "criteria": {
      "has_iron_ingot": "2024-09-06 18:03:26 +0000"
    },
    "done": true
  },
  "mcdw:recipes/swords/sword_broadsword": {
    "criteria": {
      "has_iron_ingot": "2024-09-06 18:03:26 +0000"
    },
    "done": true
  },
  "mcda:recipes/base_armors/mystery_armor_blue_chestplate": {
    "criteria": {
      "has_iron_ingot": "2024-09-06 18:03:26 +0000"
    },
    "done": true
  },
  "minecraft:recipes/tools/iron_axe": {
    "criteria": {
      "has_iron_ingot": "2024-09-06 18:03:26 +0000"
    },
    "done": true
  },
  "bclib:recipes/redstone/tag_hopper": {
    "criteria": {
      "has_tag_c_iron_ingots": "2024-09-06 18:03:26 +0000"
    },
    "done": true
  },
  "mcdw:recipes/crossbows/crossbow_imploding": {
    "criteria": {
      "has_iron_ingot": "2024-09-06 18:03:26 +0000"
    },
    "done": true
  },
  "mcda:recipes/base_armors/guards_armor_leggings": {
    "criteria": {
      "has_iron_ingot": "2024-09-06 18:03:26 +0000"
    },
    "done": true
  },
  "mcdw:recipes/swords/sword_claymore": {
    "criteria": {
      "has_iron_ingot": "2024-09-06 18:03:26 +0000"
    },
    "done": true
  },
  "mcda:recipes/base_armors/mystery_armor_red_helmet": {
    "criteria": {
      "has_iron_ingot": "2024-09-06 18:03:26 +0000"
    },
    "done": true
  },
  "mcdw:recipes/crossbows/crossbow_rapid": {
    "criteria": {
      "has_iron_ingot": "2024-09-06 18:03:26 +0000"
    },
    "done": true
  },
  "bclib:recipes/brewing/tag_cauldron": {
    "criteria": {
      "has_tag_c_iron_ingots": "2024-09-06 18:03:26 +0000"
    },
    "done": true
  },
  "mcda:recipes/base_armors/thief_armor_boots": {
    "criteria": {
      "has_iron_ingot": "2024-09-06 18:03:26 +0000"
    },
    "done": true
  },
  "rechiseled:recipes/misc/chisel": {
    "criteria": {
      "recipe_condition": "2024-09-06 18:03:26 +0000"
    },
    "done": true
  },
  "bclib:recipes/decorations/tag_stonecutter": {
    "criteria": {
      "has_tag_c_iron_ingots": "2024-09-06 18:03:26 +0000"
    },
    "done": true
  },
  "mcda:recipes/crafting_items/iron_scale": {
    "criteria": {
      "has_iron_ingot": "2024-09-06 18:03:26 +0000"
    },
    "done": true
  },
  "minecraft:recipes/redstone/iron_door": {
    "criteria": {
      "has_iron_ingot": "2024-09-06 18:03:26 +0000"
    },
    "done": true
  },
  "mcda:recipes/base_armors/guards_armor_boots": {
    "criteria": {
      "has_iron_ingot": "2024-09-06 18:03:26 +0000"
    },
    "done": true
  },
  "mcda:recipes/base_armors/snow_armor_chestplate": {
    "criteria": {
      "has_iron_chestplate": "2024-09-06 18:03:41 +0000"
    },
    "done": true
  },
  "mcda:recipes/base_armors/mercenary_armor_chestplate": {
    "criteria": {
      "has_iron_chestplate": "2024-09-06 18:03:41 +0000"
    },
    "done": true
  },
  "minecraft:story/obtain_armor": {
    "criteria": {
      "iron_chestplate": "2024-09-06 18:03:41 +0000"
    },
    "done": true
  },
  "minecraft:recipes/misc/iron_nugget_from_smelting": {
    "criteria": {
      "has_iron_chestplate": "2024-09-06 18:03:41 +0000"
    },
    "done": true
  },
  "mcda:recipes/base_armors/shulker_armor_chestplate": {
    "criteria": {
      "has_iron_chestplate": "2024-09-06 18:03:41 +0000"
    },
    "done": true
  },
  "mcda:recipes/base_armors/reinforced_mail_chestplate": {
    "criteria": {
      "has_iron_chestplate": "2024-09-06 18:03:41 +0000"
    },
    "done": true
  },
  "minecraft:recipes/misc/iron_nugget_from_blasting": {
    "criteria": {
      "has_iron_chestplate": "2024-09-06 18:03:41 +0000"
    },
    "done": true
  },
  "mcda:recipes/base_armors/mercenary_armor_leggings": {
    "criteria": {
      "has_iron_leggings": "2024-09-06 18:03:43 +0000"
    },
    "done": true
  },
  "mcda:recipes/base_armors/reinforced_mail_leggings": {
    "criteria": {
      "has_iron_leggings": "2024-09-06 18:03:43 +0000"
    },
    "done": true
  },
  "mcda:recipes/base_armors/snow_armor_leggings": {
    "criteria": {
      "has_iron_leggings": "2024-09-06 18:03:43 +0000"
    },
    "done": true
  },
  "minecraft:story/iron_tools": {
    "criteria": {
      "iron_pickaxe": "2024-09-06 18:03:52 +0000"
    },
    "done": true
  },
  "minecraft:recipes/building_blocks/polished_deepslate": {
    "criteria": {
      "has_cobbled_deepslate": "2024-09-06 18:04:48 +0000"
    },
    "done": true
  },
  "minecraft:recipes/building_blocks/deepslate_tile_stairs_from_cobbled_deepslate_stonecutting": {
    "criteria": {
      "has_cobbled_deepslate": "2024-09-06 18:04:48 +0000"
    },
    "done": true
  },
  "wilderwild:recipes/misc/stone_chest": {
    "criteria": {
      "has_cobbled_deepslate": "2024-09-06 18:04:48 +0000"
    },
    "done": true
  },
  "minecraft:recipes/building_blocks/cobbled_deepslate_slab": {
    "criteria": {
      "has_cobbled_deepslate": "2024-09-06 18:04:48 +0000"
    },
    "done": true
  },
  "minecraft:recipes/building_blocks/polished_deepslate_stairs_from_cobbled_deepslate_stonecutting": {
    "criteria": {
      "has_cobbled_deepslate": "2024-09-06 18:04:48 +0000"
    },
    "done": true
  },
  "minecraft:recipes/decorations/deepslate_brick_wall_from_cobbled_deepslate_stonecutting": {
    "criteria": {
      "has_cobbled_deepslate": "2024-09-06 18:04:48 +0000"
    },
    "done": true
  },
  "minecraft:recipes/building_blocks/polished_deepslate_from_cobbled_deepslate_stonecutting": {
    "criteria": {
      "has_cobbled_deepslate": "2024-09-06 18:04:48 +0000"
    },
    "done": true
  },
  "minecraft:recipes/building_blocks/cobbled_deepslate_slab_from_cobbled_deepslate_stonecutting": {
    "criteria": {
      "has_cobbled_deepslate": "2024-09-06 18:04:48 +0000"
    },
    "done": true
  },
  "minecraft:recipes/building_blocks/deepslate_tile_slab_from_cobbled_deepslate_stonecutting": {
    "criteria": {
      "has_cobbled_deepslate": "2024-09-06 18:04:48 +0000"
    },
    "done": true
  },
  "minecraft:recipes/decorations/deepslate_tile_wall_from_cobbled_deepslate_stonecutting": {
    "criteria": {
      "has_cobbled_deepslate": "2024-09-06 18:04:48 +0000"
    },
    "done": true
  },
  "minecraft:recipes/building_blocks/deepslate_brick_stairs_from_cobbled_deepslate_stonecutting": {
    "criteria": {
      "has_cobbled_deepslate": "2024-09-06 18:04:48 +0000"
    },
    "done": true
  },
  "minecraft:recipes/building_blocks/chiseled_deepslate_from_cobbled_deepslate_stonecutting": {
    "criteria": {
      "has_cobbled_deepslate": "2024-09-06 18:04:48 +0000"
    },
    "done": true
  },
  "minecraft:recipes/decorations/cobbled_deepslate_wall_from_cobbled_deepslate_stonecutting": {
    "criteria": {
      "has_cobbled_deepslate": "2024-09-06 18:04:48 +0000"
    },
    "done": true
  },
  "minecraft:recipes/decorations/cobbled_deepslate_wall": {
    "criteria": {
      "has_cobbled_deepslate": "2024-09-06 18:04:48 +0000"
    },
    "done": true
  },
  "minecraft:recipes/decorations/polished_deepslate_wall_from_cobbled_deepslate_stonecutting": {
    "criteria": {
      "has_cobbled_deepslate": "2024-09-06 18:04:48 +0000"
    },
    "done": true
  },
  "minecraft:recipes/building_blocks/cobbled_deepslate_stairs_from_cobbled_deepslate_stonecutting": {
    "criteria": {
      "has_cobbled_deepslate": "2024-09-06 18:04:48 +0000"
    },
    "done": true
  },
  "minecraft:recipes/building_blocks/deepslate": {
    "criteria": {
      "has_cobbled_deepslate": "2024-09-06 18:04:48 +0000"
    },
    "done": true
  },
  "minecraft:recipes/building_blocks/polished_deepslate_slab_from_cobbled_deepslate_stonecutting": {
    "criteria": {
      "has_cobbled_deepslate": "2024-09-06 18:04:48 +0000"
    },
    "done": true
  },
  "minecraft:recipes/building_blocks/deepslate_brick_slab_from_cobbled_deepslate_stonecutting": {
    "criteria": {
      "has_cobbled_deepslate": "2024-09-06 18:04:48 +0000"
    },
    "done": true
  },
  "minecraft:recipes/building_blocks/cobbled_deepslate_stairs": {
    "criteria": {
      "has_cobbled_deepslate": "2024-09-06 18:04:48 +0000"
    },
    "done": true
  },
  "minecraft:recipes/building_blocks/deepslate_bricks_from_cobbled_deepslate_stonecutting": {
    "criteria": {
      "has_cobbled_deepslate": "2024-09-06 18:04:48 +0000"
    },
    "done": true
  },
  "minecraft:recipes/building_blocks/deepslate_tiles_from_cobbled_deepslate_stonecutting": {
    "criteria": {
      "has_cobbled_deepslate": "2024-09-06 18:04:48 +0000"
    },
    "done": true
  },
  "deeperdarker:recipes/transportation/echo_boat": {
    "criteria": {
      "in_water": "2024-09-06 18:05:06 +0000"
    },
    "done": true
  },
  "deeperdarker:recipes/transportation/bloom_boat": {
    "criteria": {
      "in_water": "2024-09-06 18:05:06 +0000"
    },
    "done": true
  },
  "minecraft:recipes/transportation/cherry_boat": {
    "criteria": {
      "in_water": "2024-09-06 18:05:06 +0000"
    },
    "done": true
  },
  "minecraft:recipes/transportation/bamboo_raft": {
    "criteria": {
      "in_water": "2024-09-06 18:05:06 +0000"
    },
    "done": true
  },
  "wilderwild:recipes/transportation/cypress_boat": {
    "criteria": {
      "in_water": "2024-09-06 18:05:06 +0000"
    },
    "done": true
  },
  "minecraft:recipes/transportation/acacia_boat": {
    "criteria": {
      "in_water": "2024-09-06 18:05:06 +0000"
    },
    "done": true
  },
  "minecraft:recipes/transportation/jungle_boat": {
    "criteria": {
      "in_water": "2024-09-06 18:05:06 +0000"
    },
    "done": true
  },
  "wilderwild:recipes/transportation/baobab_boat": {
    "criteria": {
      "in_water": "2024-09-06 18:05:06 +0000"
    },
    "done": true
  },
  "minecraft:recipes/transportation/spruce_boat": {
    "criteria": {
      "in_water": "2024-09-06 18:05:06 +0000"
    },
    "done": true
  },
  "minecraft:recipes/transportation/birch_boat": {
    "criteria": {
      "in_water": "2024-09-06 18:05:06 +0000"
    },
    "done": true
  },
  "minecraft:recipes/transportation/oak_boat": {
    "criteria": {
      "in_water": "2024-09-06 18:05:06 +0000"
    },
    "done": true
  },
  "minecraft:recipes/transportation/mangrove_boat": {
    "criteria": {
      "in_water": "2024-09-06 18:05:06 +0000"
    },
    "done": true
  },
  "wilderwild:recipes/transportation/palm_boat": {
    "criteria": {
      "in_water": "2024-09-06 18:05:06 +0000"
    },
    "done": true
  },
  "minecraft:recipes/transportation/dark_oak_boat": {
    "criteria": {
      "in_water": "2024-09-06 18:05:06 +0000"
    },
    "done": true
  },
  "mcdw:recipes/swords/sword_heartstealer": {
    "criteria": {
      "has_redstone": "2024-09-06 18:05:13 +0000"
    },
    "done": true
  },
  "minecraft:recipes/redstone/redstone_torch": {
    "criteria": {
      "has_redstone": "2024-09-06 18:05:13 +0000"
    },
    "done": true
  },
  "minecraft:recipes/redstone/target": {
    "criteria": {
      "has_redstone": "2024-09-06 18:05:13 +0000"
    },
    "done": true
  },
  "minecraft:recipes/tools/compass": {
    "criteria": {
      "has_redstone": "2024-09-06 18:05:13 +0000"
    },
    "done": true
  },
  "minecraft:recipes/redstone/redstone_block": {
    "criteria": {
      "has_redstone": "2024-09-06 18:05:13 +0000"
    },
    "done": true
  },
  "minecraft:recipes/tools/clock": {
    "criteria": {
      "has_redstone": "2024-09-06 18:05:13 +0000"
    },
    "done": true
  },
  "minecraft:recipes/redstone/note_block": {
    "criteria": {
      "has_redstone": "2024-09-06 18:05:13 +0000"
    },
    "done": true
  },
  "travelersbackpack:recipes/misc/redstone": {
    "criteria": {
      "has_redstone": "2024-09-06 18:05:13 +0000"
    },
    "done": true
  },
  "betternether:recipes/transportation/detector_rail": {
    "criteria": {
      "has_redstone": "2024-09-06 18:05:13 +0000"
    },
    "done": true
  },
  "minecraft:recipes/redstone/dropper": {
    "criteria": {
      "has_redstone": "2024-09-06 18:05:13 +0000"
    },
    "done": true
  },
  "mcda:recipes/crafting_items/gemstone_red": {
    "criteria": {
      "has_redstone": "2024-09-06 18:05:13 +0000"
    },
    "done": true
  },
  "minecraft:recipes/redstone/piston": {
    "criteria": {
      "has_redstone": "2024-09-06 18:05:13 +0000"
    },
    "done": true
  },
  "mcdw:recipes/gauntlets/gauntlet_soul_fist": {
    "criteria": {
      "has_diamond": "2024-09-06 18:05:22 +0000"
    },
    "done": true
  },
  "betternether:recipes/misc/copy_bowl_upgrade": {
    "criteria": {
      "has_diamond": "2024-09-06 18:05:22 +0000"
    },
    "done": true
  },
  "mcdw:recipes/swords/sword_diamond_sword_var": {
    "criteria": {
      "has_diamond": "2024-09-06 18:05:22 +0000"
    },
    "done": true
  },
  "minecraft:recipes/combat/diamond_sword": {
    "criteria": {
      "has_diamond": "2024-09-06 18:05:22 +0000"
    },
    "done": true
  },
  "minecraft:recipes/decorations/jukebox": {
    "criteria": {
      "has_diamond": "2024-09-06 18:05:22 +0000"
    },
    "done": true
  },
  "minecraft:recipes/combat/diamond_chestplate": {
    "criteria": {
      "has_diamond": "2024-09-06 18:05:22 +0000"
    },
    "done": true
  },
  "betternether:recipes/tools/cincinnasite_hoe_diamond": {
    "criteria": {
      "has_item.minecraft.diamond": "2024-09-06 18:05:22 +0000"
    },
    "done": true
  },
  "mcdw:recipes/daggers/dagger_resolute_tempest_knife": {
    "criteria": {
      "has_diamond": "2024-09-06 18:05:22 +0000"
    },
    "done": true
  },
  "mcdw:recipes/soul_daggers/soul_dagger_truthseeker_vanilla_sword": {
    "criteria": {
      "has_diamond": "2024-09-06 18:05:22 +0000"
    },
    "done": true
  },
  "minecraft:recipes/tools/diamond_pickaxe": {
    "criteria": {
      "has_diamond": "2024-09-06 18:05:22 +0000"
    },
    "done": true
  },
  "mcdw:recipes/swords/sword_masters_katana": {
    "criteria": {
      "has_diamond": "2024-09-06 18:05:22 +0000"
    },
    "done": true
  },
  "minecraft:recipes/tools/diamond_hoe": {
    "criteria": {
      "has_diamond": "2024-09-06 18:05:22 +0000"
    },
    "done": true
  },
  "minecraft:recipes/tools/diamond_shovel": {
    "criteria": {
      "has_diamond": "2024-09-06 18:05:22 +0000"
    },
    "done": true
  },
  "travelersbackpack:recipes/misc/diamond_tier_upgrade": {
    "criteria": {
      "has_diamond": "2024-09-06 18:05:22 +0000"
    },
    "done": true
  },
  "mcdw:recipes/soul_daggers/soul_dagger_truthseeker": {
    "criteria": {
      "has_the_recipe": "2024-09-06 18:05:22 +0000",
      "has_diamond": "2024-09-06 18:05:22 +0000"
    },
    "done": true
  },
  "minecraft:recipes/combat/diamond_helmet": {
    "criteria": {
      "has_diamond": "2024-09-06 18:05:22 +0000"
    },
    "done": true
  },
  "mcda:recipes/base_armors/sweet_tooth_chestplate": {
    "criteria": {
      "has_diamond": "2024-09-06 18:05:22 +0000"
    },
    "done": true
  },
  "travelersbackpack:recipes/misc/diamond": {
    "criteria": {
      "has_diamond": "2024-09-06 18:05:22 +0000"
    },
    "done": true
  },
  "mcdw:recipes/bows/bow_call_of_the_void": {
    "criteria": {
      "has_diamond": "2024-09-06 18:05:22 +0000"
    },
    "done": true
  },
  "betternether:recipes/tools/cincinnasite_axe_diamond": {
    "criteria": {
      "has_item.minecraft.diamond": "2024-09-06 18:05:22 +0000"
    },
    "done": true
  },
  "betterend:recipes/misc/copy_aeternium_upgrade": {
    "criteria": {
      "has_diamond": "2024-09-06 18:05:22 +0000"
    },
    "done": true
  },
  "minecraft:recipes/building_blocks/diamond_block": {
    "criteria": {
      "has_diamond": "2024-09-06 18:05:22 +0000"
    },
    "done": true
  },
  "betternether:recipes/tools/cincinnasite_pickaxe_diamond": {
    "criteria": {
      "has_item.minecraft.diamond": "2024-09-06 18:05:22 +0000"
    },
    "done": true
  },
  "minecraft:story/mine_diamond": {
    "criteria": {
      "diamond": "2024-09-06 18:05:22 +0000"
    },
    "done": true
  },
  "minecraft:recipes/combat/diamond_leggings": {
    "criteria": {
      "has_diamond": "2024-09-06 18:05:22 +0000"
    },
    "done": true
  },
  "mcda:recipes/base_armors/sweet_tooth_boots": {
    "criteria": {
      "has_diamond": "2024-09-06 18:05:22 +0000"
    },
    "done": true
  },
  "mcdw:recipes/daggers/dagger_void_touched_blade": {
    "criteria": {
      "has_diamond": "2024-09-06 18:05:22 +0000"
    },
    "done": true
  },
  "betterend:recipes/misc/copy_netherite_upgrade": {
    "criteria": {
      "has_diamond": "2024-09-06 18:05:22 +0000"
    },
    "done": true
  },
  "mcdw:recipes/daggers/dagger_chill_gale_knife": {
    "criteria": {
      "has_diamond": "2024-09-06 18:05:22 +0000"
    },
    "done": true
  },
  "mcda:recipes/base_armors/sweet_tooth_helmet": {
    "criteria": {
      "has_diamond": "2024-09-06 18:05:22 +0000"
    },
    "done": true
  },
  "mcdw:recipes/crossbows/crossbow_shadow_crossbow": {
    "criteria": {
      "has_diamond": "2024-09-06 18:05:22 +0000"
    },
    "done": true
  },
  "mcda:recipes/base_armors/sweet_tooth_leggings": {
    "criteria": {
      "has_diamond": "2024-09-06 18:05:22 +0000"
    },
    "done": true
  },
  "mcdw:recipes/daggers/dagger_swift_striker": {
    "criteria": {
      "has_diamond": "2024-09-06 18:05:22 +0000"
    },
    "done": true
  },
  "minecraft:recipes/combat/diamond_boots": {
    "criteria": {
      "has_diamond": "2024-09-06 18:05:22 +0000"
    },
    "done": true
  },
  "mcdw:recipes/swords/sword_frost_slayer": {
    "criteria": {
      "has_diamond": "2024-09-06 18:05:22 +0000"
    },
    "done": true
  },
  "mcdw:recipes/sickles/sickle_last_laugh_gold": {
    "criteria": {
      "has_diamond": "2024-09-06 18:05:22 +0000"
    },
    "done": true
  },
  "betternether:recipes/combat/cincinnasite_sword_diamond": {
    "criteria": {
      "has_item.minecraft.diamond": "2024-09-06 18:05:22 +0000"
    },
    "done": true
  },
  "betternether:recipes/tools/cincinnasite_shovel_diamond": {
    "criteria": {
      "has_item.minecraft.diamond": "2024-09-06 18:05:22 +0000"
    },
    "done": true
  },
  "betternether:recipes/misc/copy_flaming_ruby_upgrade": {
    "criteria": {
      "has_diamond": "2024-09-06 18:05:22 +0000"
    },
    "done": true
  },
  "minecraft:recipes/tools/diamond_axe": {
    "criteria": {
      "has_diamond": "2024-09-06 18:05:22 +0000"
    },
    "done": true
  },
  "betterend:recipes/misc/copy_leather_handle_attachment": {
    "criteria": {
      "has_diamond": "2024-09-06 18:05:22 +0000"
    },
    "done": true
  },
  "betternether:recipes/misc/copy_cincinnasite_diamond_upgrade": {
    "criteria": {
      "has_diamond": "2024-09-06 18:05:22 +0000"
    },
    "done": true
  },
  "minecraft:story/deflect_arrow": {
    "criteria": {
      "deflected_projectile": "2024-09-06 18:05:33 +0000"
    },
    "done": true
  },
  "mcdw:recipes/scythes/scythe_skull_scythe": {
    "criteria": {
      "has_bone": "2024-09-06 18:05:56 +0000"
    },
    "done": true
  },
  "hybrid-aquatic:recipes/misc/bone_meal": {
    "criteria": {
      "has_the_recipe": "2024-09-06 18:05:56 +0000"
    },
    "done": true
  },
  "mcdw:recipes/crossbows/crossbow_feral_soul": {
    "criteria": {
      "has_bone": "2024-09-06 18:05:56 +0000"
    },
    "done": true
  },
  "mcda:recipes/base_armors/grim_armor_leggings": {
    "criteria": {
      "has_bone": "2024-09-06 18:05:56 +0000"
    },
    "done": true
  },
  "mcda:recipes/crafting_items/phantom_bones_to_bonemeal": {
    "criteria": {
      "has_the_recipe": "2024-09-06 18:05:56 +0000"
    },
    "done": true
  },
  "mcdw:recipes/bows/bow_phantom_bow": {
    "criteria": {
      "has_bone": "2024-09-06 18:05:56 +0000"
    },
    "done": true
  },
  "mcdw:recipes/hammers/hammer_boneclub": {
    "criteria": {
      "has_bone": "2024-09-06 18:05:56 +0000"
    },
    "done": true
  },
  "minecraft:recipes/misc/bone_meal": {
    "criteria": {
      "has_bone": "2024-09-06 18:05:56 +0000"
    },
    "done": true
  },
  "mcdw:recipes/bows/bow_bonebow": {
    "criteria": {
      "has_bone": "2024-09-06 18:05:56 +0000"
    },
    "done": true
  },
  "mcda:recipes/base_armors/grim_armor_chestplate": {
    "criteria": {
      "has_bone": "2024-09-06 18:05:56 +0000"
    },
    "done": true
  },
  "mcdw:recipes/gauntlets/gauntlet_maulers": {
    "criteria": {
      "has_bone": "2024-09-06 18:05:56 +0000"
    },
    "done": true
  },
  "mcda:recipes/base_armors/piglin_armor_boots": {
    "criteria": {
      "has_bone": "2024-09-06 18:05:56 +0000"
    },
    "done": true
  },
  "mcda:recipes/crafting_items/skeleton_skull_to_bonemeal": {
    "criteria": {
      "has_the_recipe": "2024-09-06 18:05:56 +0000"
    },
    "done": true
  },
  "mcda:recipes/base_armors/grim_armor_boots": {
    "criteria": {
      "has_bone": "2024-09-06 18:05:56 +0000"
    },
    "done": true
  },
  "mcda:recipes/base_armors/grim_armor_helmet": {
    "criteria": {
      "has_bone": "2024-09-06 18:05:56 +0000"
    },
    "done": true
  },
  "mcda:recipes/crafting_items/bone_rib_cage": {
    "criteria": {
      "has_bone": "2024-09-06 18:05:56 +0000"
    },
    "done": true
  },
  "travelersbackpack:recipes/misc/wolf": {
    "criteria": {
      "has_bone": "2024-09-06 18:05:56 +0000"
    },
    "done": true
  },
  "immersive_armors:recipes/misc/bone": {
    "criteria": {
      "has_item": "2024-09-06 18:05:56 +0000"
    },
    "done": true
  },
  "mcda:recipes/base_armors/piglin_armor_helmet": {
    "criteria": {
      "has_bone": "2024-09-06 18:05:56 +0000"
    },
    "done": true
  },
  "travelersbackpack:recipes/misc/skeleton": {
    "criteria": {
      "has_arrow": "2024-09-06 18:06:39 +0000"
    },
    "done": true
  },
  "mcda:recipes/upgrade_cores/upgrade_core_archer": {
    "criteria": {
      "has_core_specification_item": "2024-09-06 18:06:39 +0000"
    },
    "done": true
  },
  "minecraft:recipes/building_blocks/clay": {
    "criteria": {
      "has_clay_ball": "2024-09-06 18:09:53 +0000"
    },
    "done": true
  },
  "minecraft:recipes/misc/brick": {
    "criteria": {
      "has_clay_ball": "2024-09-06 18:09:53 +0000"
    },
    "done": true
  },
  "hybrid-aquatic:recipes/misc/glow_slime": {
    "criteria": {
      "has_glow_ink_sac": "2024-09-06 18:32:27 +0000"
    },
    "done": true
  },
  "minecraft:recipes/decorations/glow_item_frame": {
    "criteria": {
      "has_glow_ink_sac": "2024-09-06 18:32:27 +0000"
    },
    "done": true
  },
  "artifacts:chest_slayer": {
    "criteria": {
      "kill_mimic": "2024-09-06 18:34:18 +0000"
    },
    "done": true
  },
  "artifacts:amateur_archaeologist": {
    "criteria": {
      "find_artifact": "2024-09-06 18:34:22 +0000"
    },
    "done": true
  },
  "mcdw:recipes/bows/bow_masters_bow": {
    "criteria": {
      "has_string": "2024-09-06 18:36:19 +0000"
    },
    "done": true
  },
  "mcdw:recipes/crossbows/crossbow_corrupted_crossbow": {
    "criteria": {
      "has_string": "2024-09-06 18:36:19 +0000"
    },
    "done": true
  },
  "minecraft:recipes/redstone/tripwire_hook": {
    "criteria": {
      "has_string": "2024-09-06 18:36:19 +0000"
    },
    "done": true
  },
  "minecraft:recipes/decorations/candle": {
    "criteria": {
      "has_string": "2024-09-06 18:36:19 +0000"
    },
    "done": true
  },
  "mcdw:recipes/bows/bow_bubble_burster": {
    "criteria": {
      "has_string": "2024-09-06 18:36:19 +0000"
    },
    "done": true
  },
  "mcdw:recipes/bows/bow_bubble_bow": {
    "criteria": {
      "has_string": "2024-09-06 18:36:19 +0000"
    },
    "done": true
  },
  "mcdw:recipes/crossbows/crossbow_exploding": {
    "criteria": {
      "has_string": "2024-09-06 18:36:19 +0000"
    },
    "done": true
  },
  "mcdw:recipes/shortbows/bow_shortbow": {
    "criteria": {
      "has_string": "2024-09-06 18:36:19 +0000"
    },
    "done": true
  },
  "mcdw:recipes/crossbows/crossbow_harp": {
    "criteria": {
      "has_string": "2024-09-06 18:36:19 +0000"
    },
    "done": true
  },
  "mcdw:recipes/bows/bow_web_bow": {
    "criteria": {
      "has_string": "2024-09-06 18:36:19 +0000"
    },
    "done": true
  },
  "mcdw:recipes/bows/bow_lost_souls": {
    "criteria": {
      "has_string": "2024-09-06 18:36:19 +0000"
    },
    "done": true
  },
  "mcdw:recipes/crossbows/crossbow_doom_crossbow": {
    "criteria": {
      "has_string": "2024-09-06 18:36:19 +0000"
    },
    "done": true
  },
  "mcdw:recipes/bows/bow_burst_gale_bow": {
    "criteria": {
      "has_string": "2024-09-06 18:36:19 +0000"
    },
    "done": true
  },
  "mcdw:recipes/bows/bow_void_bow": {
    "criteria": {
      "has_string": "2024-09-06 18:36:19 +0000"
    },
    "done": true
  },
  "mcdw:recipes/longbows/bow_longbow": {
    "criteria": {
      "has_string": "2024-09-06 18:36:19 +0000"
    },
    "done": true
  },
  "mcdw:recipes/bows/bow_pink_scoundrel": {
    "criteria": {
      "has_string": "2024-09-06 18:36:19 +0000"
    },
    "done": true
  },
  "minecraft:recipes/combat/bow": {
    "criteria": {
      "has_string": "2024-09-06 18:36:19 +0000"
    },
    "done": true
  },
  "mcdw:recipes/whips/whip_vine_whip": {
    "criteria": {
      "has_string": "2024-09-06 18:36:19 +0000"
    },
    "done": true
  },
  "hybrid-aquatic:recipes/tools/fishing_net": {
    "criteria": {
      "string": "2024-09-06 18:36:19 +0000"
    },
    "done": true
  },
  "minecraft:recipes/tools/fishing_rod": {
    "criteria": {
      "has_string": "2024-09-06 18:36:19 +0000"
    },
    "done": true
  },
  "travelersbackpack:recipes/misc/spider": {
    "criteria": {
      "has_string": "2024-09-06 18:36:19 +0000"
    },
    "done": true
  },
  "mcdw:recipes/bows/bow_soul_bow": {
    "criteria": {
      "has_string": "2024-09-06 18:36:19 +0000"
    },
    "done": true
  },
  "mcdw:recipes/shortbows/bow_love_spell_bow": {
    "criteria": {
      "has_string": "2024-09-06 18:36:19 +0000"
    },
    "done": true
  },
  "mcdw:recipes/crossbows/crossbow_azure_seeker": {
    "criteria": {
      "has_string": "2024-09-06 18:36:19 +0000"
    },
    "done": true
  },
  "mcdw:recipes/bows/bow_hunting_bow": {
    "criteria": {
      "has_string": "2024-09-06 18:36:19 +0000"
    },
    "done": true
  },
  "mcdw:recipes/bows/bow_winters_touch": {
    "criteria": {
      "has_string": "2024-09-06 18:36:19 +0000"
    },
    "done": true
  },
  "mcdw:recipes/whips/whip_whip": {
    "criteria": {
      "has_string": "2024-09-06 18:36:19 +0000"
    },
    "done": true
  },
  "mcdw:recipes/crossbows/crossbow_soul": {
    "criteria": {
      "has_string": "2024-09-06 18:36:19 +0000"
    },
    "done": true
  },
  "mcdw:recipes/crossbows/crossbow_dual": {
    "criteria": {
      "has_string": "2024-09-06 18:36:19 +0000"
    },
    "done": true
  },
  "mcdw:recipes/bows/bow_snow_bow": {
    "criteria": {
      "has_string": "2024-09-06 18:36:19 +0000"
    },
    "done": true
  },
  "minecraft:recipes/building_blocks/white_wool_from_string": {
    "criteria": {
      "has_string": "2024-09-06 18:36:19 +0000"
    },
    "done": true
  },
  "minecraft:recipes/decorations/loom": {
    "criteria": {
      "has_string": "2024-09-06 18:36:19 +0000"
    },
    "done": true
  },
  "DataVersion": 3465
}